Date,구장,원정팀,원정팀점수,홈팀점수,홈팀,연도,원정팀결과,홈팀결과,Wins,Losses,누적승률,누적이동거리
03.28(토),고척,한화,4,5,키움,2015,패,승,1,0,1.0,0.0
03.29(일),고척,한화,5,3,키움,2015,승,패,1,1,0.5,0.0
04.01(수),대전,두산,6,3,한화,2015,승,패,1,2,0.3333333333333333,188.0
04.02(목),대전,두산,2,4,한화,2015,패,승,2,2,0.5,188.0
04.03(금),창원,한화,6,11,NC,2015,패,승,3,2,0.6,412.0
04.05(일),창원,한화,2,9,NC,2015,패,승,4,2,0.6666666666666666,412.0
04.07(화),대전,LG,3,4,한화,2015,패,승,5,2,0.7142857142857143,636.0
04.08(수),대전,LG,3,2,한화,2015,승,패,5,3,0.625,636.0
04.09(목),대전,LG,4,5,한화,2015,패,승,6,3,0.6666666666666666,636.0
04.10(금),사직,한화,9,10,롯데,2015,패,승,7,3,0.7,896.0
04.11(토),사직,한화,4,1,롯데,2015,승,패,7,4,0.6363636363636364,896.0
04.12(일),사직,한화,3,15,롯데,2015,패,승,8,4,0.6666666666666666,896.0
04.14(화),대전,삼성,3,5,한화,2015,패,승,9,4,0.6923076923076923,1156.0
04.15(수),대전,삼성,8,3,한화,2015,승,패,9,5,0.6428571428571429,1156.0
04.17(금),대전,NC,6,10,한화,2015,패,승,10,5,0.6666666666666666,1156.0
04.18(토),대전,NC,6,8,한화,2015,패,승,11,5,0.6875,1156.0
04.21(화),잠실,한화,0,10,LG,2015,패,승,12,5,0.7058823529411765,1328.0
04.22(수),잠실,한화,5,2,LG,2015,승,패,12,6,0.6666666666666666,1328.0
04.23(목),잠실,한화,2,5,LG,2015,패,승,13,6,0.6842105263157895,1328.0
04.24(금),대전,SSG,0,2,한화,2015,패,승,14,6,0.7,1500.0
04.25(토),대전,SSG,6,7,한화,2015,패,승,15,6,0.7142857142857143,1500.0
04.26(일),대전,SSG,4,5,한화,2015,패,승,16,6,0.7272727272727273,1500.0
04.29(수),광주,한화,4,9,KIA,2015,패,승,17,6,0.7391304347826086,1687.0
04.30(목),광주,한화,6,0,KIA,2015,승,패,17,7,0.7083333333333334,1687.0
05.01(금),대전,롯데,5,7,한화,2015,패,승,18,7,0.72,1874.0
05.02(토),대전,롯데,3,5,한화,2015,패,승,19,7,0.7307692307692307,1874.0
05.03(일),대전,롯데,6,3,한화,2015,승,패,19,8,0.7037037037037037,1874.0
05.05(화),대전,KT,8,15,한화,2015,패,승,20,8,0.7142857142857143,1874.0
05.06(수),대전,KT,8,5,한화,2015,승,패,20,9,0.6896551724137931,1874.0
05.07(목),대전,KT,7,6,한화,2015,승,패,20,10,0.6666666666666666,1874.0
05.08(금),잠실,한화,10,6,두산,2015,승,패,20,11,0.6451612903225806,2046.0
05.09(토),잠실,한화,3,4,두산,2015,패,승,21,11,0.65625,2046.0
05.10(일),잠실,한화,0,6,두산,2015,패,승,22,11,0.6666666666666666,2046.0
05.12(화),대구,한화,5,4,삼성,2015,승,패,22,12,0.6470588235294118,2343.0
05.13(수),대구,한화,0,3,삼성,2015,패,승,23,12,0.6571428571428571,2343.0
05.14(목),대구,한화,9,7,삼성,2015,승,패,23,13,0.6388888888888888,2343.0
05.15(금),대전,키움,6,3,한화,2015,승,패,23,14,0.6216216216216216,2506.0
05.16(토),대전,키움,8,5,한화,2015,승,패,23,15,0.6052631578947368,2506.0
05.17(일),대전,키움,6,7,한화,2015,패,승,24,15,0.6153846153846154,2506.0
05.19(화),문학,한화,5,7,SSG,2015,패,승,25,15,0.625,2662.0
05.20(수),문학,한화,6,7,SSG,2015,패,승,26,15,0.6341463414634146,2662.0
05.21(목),문학,한화,7,1,SSG,2015,승,패,26,16,0.6190476190476191,2662.0
05.22(금),수원,한화,9,5,KT,2015,승,패,26,17,0.6046511627906976,2705.0
05.23(토),수원,한화,6,1,KT,2015,승,패,26,18,0.5909090909090909,2705.0
05.24(일),수원,한화,4,13,KT,2015,패,승,27,18,0.6,2705.0
05.26(화),대전,KIA,10,3,한화,2015,승,패,27,19,0.5869565217391305,2854.0
05.27(수),대전,KIA,4,8,한화,2015,패,승,28,19,0.5957446808510638,2854.0
05.28(목),대전,KIA,0,3,한화,2015,패,승,29,19,0.6041666666666666,2854.0
05.29(금),사직,한화,1,9,롯데,2015,패,승,30,19,0.6122448979591837,3114.0
05.30(토),사직,한화,4,3,롯데,2015,승,패,30,20,0.6,3114.0
05.31(일),사직,한화,3,8,롯데,2015,패,승,31,20,0.6078431372549019,3114.0
06.02(화),고척,한화,7,8,키움,2015,패,승,32,20,0.6153846153846154,3528.0
06.03(수),고척,한화,6,2,키움,2015,승,패,32,21,0.6037735849056604,3528.0
06.04(목),고척,한화,2,15,키움,2015,패,승,33,21,0.6111111111111112,3528.0
06.05(금),대전,KT,5,6,한화,2015,패,승,34,21,0.6181818181818182,3716.0
06.06(토),대전,KT,4,6,한화,2015,패,승,35,21,0.625,3716.0
06.07(일),대전,KT,4,3,한화,2015,승,패,35,22,0.6140350877192983,3716.0
06.09(화),대구,한화,6,2,삼성,2015,승,패,35,23,0.603448275862069,3879.0
06.10(수),대구,한화,7,2,삼성,2015,승,패,35,24,0.5932203389830508,3879.0
06.11(목),대구,한화,5,2,삼성,2015,승,패,35,25,0.5833333333333334,3879.0
06.12(금),대전,LG,10,7,한화,2015,승,패,35,26,0.5737704918032787,4042.0
06.13(토),대전,LG,1,8,한화,2015,패,승,36,26,0.5806451612903226,4042.0
06.14(일),대전,LG,3,8,한화,2015,패,승,37,26,0.5873015873015873,4042.0
06.16(화),대전,SSG,2,7,한화,2015,패,승,38,26,0.59375,4042.0
06.17(수),대전,SSG,7,6,한화,2015,승,패,38,27,0.5846153846153846,4042.0
06.18(목),대전,SSG,7,2,한화,2015,승,패,38,28,0.5757575757575758,4042.0
06.19(금),창원,한화,3,4,NC,2015,패,승,39,28,0.582089552238806,4266.0
06.20(토),창원,한화,1,4,NC,2015,패,승,40,28,0.5882352941176471,4266.0
06.21(일),창원,한화,0,6,NC,2015,패,승,41,28,0.5942028985507246,4266.0
06.23(화),대전,키움,1,3,한화,2015,패,승,42,28,0.6,4490.0
06.26(금),문학,한화,6,0,SSG,2015,승,패,42,29,0.5915492957746479,4646.0
06.27(토),문학,한화,6,8,SSG,2015,패,승,43,29,0.5972222222222222,4646.0
06.28(일),문학,한화,6,3,SSG,2015,승,패,43,30,0.589041095890411,4646.0
07.01(수),광주,한화,1,6,KIA,2015,패,승,44,30,0.5945945945945946,4915.0
07.02(목),광주,한화,14,7,KIA,2015,승,패,44,31,0.5866666666666667,4915.0
07.03(금),대전,NC,6,7,한화,2015,패,승,45,31,0.5921052631578947,5102.0
07.04(토),대전,NC,6,7,한화,2015,패,승,46,31,0.5974025974025974,5102.0
07.08(수),대전,두산,9,4,한화,2015,승,패,46,32,0.5897435897435898,5102.0
07.09(목),대전,두산,6,5,한화,2015,승,패,46,33,0.5822784810126582,5102.0
07.10(금),잠실,한화,8,5,LG,2015,승,패,46,34,0.575,5274.0
07.11(토),잠실,한화,5,3,LG,2015,승,패,46,35,0.5679012345679012,5274.0
07.14(화),대전,롯데,3,4,한화,2015,패,승,47,35,0.573170731707317,5446.0
07.15(수),대전,롯데,12,10,한화,2015,승,패,47,36,0.5662650602409639,5446.0
07.16(목),대전,롯데,7,4,한화,2015,승,패,47,37,0.5595238095238095,5446.0
07.21(화),수원,한화,7,4,KT,2015,승,패,47,38,0.5529411764705883,5595.0
07.22(수),수원,한화,3,5,KT,2015,패,승,48,38,0.5581395348837209,5595.0
07.24(금),대전,삼성,8,3,한화,2015,승,패,48,39,0.5517241379310345,5744.0
07.25(토),대전,삼성,1,2,한화,2015,패,승,49,39,0.5568181818181818,5744.0
07.26(일),대전,삼성,8,2,한화,2015,승,패,49,40,0.550561797752809,5744.0
07.28(화),잠실,한화,10,2,두산,2015,승,패,49,41,0.5444444444444444,5916.0
07.29(수),잠실,한화,2,8,두산,2015,패,승,50,41,0.5494505494505495,5916.0
07.30(목),잠실,한화,5,2,두산,2015,승,패,50,42,0.5434782608695652,5916.0
07.31(금),대전,KIA,12,4,한화,2015,승,패,50,43,0.5376344086021505,6088.0
08.01(토),대전,KIA,9,8,한화,2015,승,패,50,44,0.5319148936170213,6088.0
08.02(일),대전,KIA,3,2,한화,2015,승,패,50,45,0.5263157894736842,6088.0
08.04(화),문학,한화,2,9,SSG,2015,패,승,51,45,0.53125,6244.0
08.05(수),문학,한화,3,7,SSG,2015,패,승,52,45,0.5360824742268041,6244.0
08.06(목),대전,LG,1,4,한화,2015,패,승,53,45,0.5408163265306123,6400.0
08.07(금),대전,LG,6,5,한화,2015,승,패,53,46,0.5353535353535354,6400.0
08.08(토),대전,롯데,4,6,한화,2015,패,승,54,46,0.54,6400.0
08.09(일),대전,롯데,1,2,한화,2015,패,승,55,46,0.5445544554455446,6400.0
08.11(화),수원,한화,4,0,KT,2015,승,패,55,47,0.5392156862745098,6549.0
08.12(수),수원,한화,13,4,KT,2015,승,패,55,48,0.5339805825242718,6549.0
08.13(목),고척,한화,4,9,키움,2015,패,승,56,48,0.5384615384615384,6582.0
08.14(금),고척,한화,2,8,키움,2015,패,승,57,48,0.5428571428571428,6582.0
08.15(토),대구,한화,4,5,삼성,2015,패,승,58,48,0.5471698113207547,6898.0
08.16(일),대구,한화,5,6,삼성,2015,패,승,59,48,0.5514018691588785,6898.0
08.18(화),대전,NC,2,1,한화,2015,승,패,59,49,0.5462962962962963,7061.0
08.19(수),대전,NC,6,0,한화,2015,승,패,59,50,0.5412844036697247,7061.0
08.20(목),대전,KT,8,3,한화,2015,승,패,59,51,0.5363636363636364,7061.0
08.21(금),대전,KT,3,8,한화,2015,패,승,60,51,0.5405405405405406,7061.0
08.22(토),광주,한화,3,0,KIA,2015,승,패,60,52,0.5357142857142857,7248.0
08.23(일),광주,한화,4,9,KIA,2015,패,승,61,52,0.5398230088495575,7248.0
08.26(수),대전,삼성,9,10,한화,2015,패,승,62,52,0.543859649122807,7435.0
08.27(목),창원,한화,1,4,NC,2015,패,승,63,52,0.5478260869565217,7659.0
08.28(금),창원,한화,8,5,NC,2015,승,패,63,53,0.5431034482758621,7659.0
08.29(토),잠실,한화,1,6,두산,2015,패,승,64,53,0.5470085470085471,8022.0
08.30(일),잠실,한화,4,5,두산,2015,패,승,65,53,0.5508474576271186,8022.0
09.01(화),대전,KIA,2,8,한화,2015,패,승,66,53,0.5546218487394958,8194.0
09.02(수),대전,KIA,5,4,한화,2015,승,패,66,54,0.55,8194.0
09.03(목),대전,키움,12,7,한화,2015,승,패,66,55,0.5454545454545454,8194.0
09.04(금),대전,키움,6,5,한화,2015,승,패,66,56,0.5409836065573771,8194.0
09.05(토),대전,두산,1,9,한화,2015,패,승,67,56,0.5447154471544715,8194.0
09.06(일),대전,두산,4,5,한화,2015,패,승,68,56,0.5483870967741935,8194.0
09.08(화),잠실,한화,7,8,LG,2015,패,승,69,56,0.552,8366.0
09.09(수),잠실,한화,1,8,LG,2015,패,승,70,56,0.5555555555555556,8366.0
09.10(목),대전,SSG,8,1,한화,2015,승,패,70,57,0.5511811023622047,8538.0
09.11(금),대전,SSG,9,4,한화,2015,승,패,70,58,0.546875,8538.0
09.12(토),사직,한화,2,11,롯데,2015,패,승,71,58,0.5503875968992248,8798.0
09.13(일),사직,한화,7,4,롯데,2015,승,패,71,59,0.5461538461538461,8798.0
09.15(화),광주,한화,7,3,KIA,2015,승,패,71,60,0.5419847328244275,9060.0
09.16(수),광주,한화,3,4,KIA,2015,패,승,72,60,0.5454545454545454,9060.0
09.17(목),대전,NC,11,7,한화,2015,승,패,72,61,0.5413533834586466,9247.0
09.18(금),대전,NC,15,2,한화,2015,승,패,72,62,0.5373134328358209,9247.0
09.19(토),대전,두산,6,7,한화,2015,패,승,73,62,0.5407407407407407,9247.0
09.20(일),대전,두산,16,4,한화,2015,승,패,73,63,0.5367647058823529,9247.0
09.25(금),대전,키움,0,4,한화,2015,패,승,74,63,0.5401459854014599,9247.0
09.26(토),대전,키움,3,13,한화,2015,패,승,75,63,0.5434782608695652,9247.0
09.28(월),창원,한화,0,6,NC,2015,패,승,76,63,0.5467625899280576,9471.0
09.29(화),대전,삼성,6,7,한화,2015,패,승,77,63,0.55,9695.0
09.30(수),대전,삼성,6,18,한화,2015,패,승,78,63,0.5531914893617021,9695.0
10.01(목),고척,한화,3,4,키움,2015,패,승,79,63,0.5563380281690141,9883.0
10.02(금),잠실,한화,6,3,LG,2015,승,패,79,64,0.5524475524475524,9914.0
10.03(토),수원,한화,1,4,KT,2015,패,승,80,64,0.5555555555555556,9950.0
04.01(금),잠실,한화,4,5,LG,2016,패,승,1,0,1.0,0.0
04.02(토),잠실,한화,7,8,LG,2016,패,승,2,0,1.0,0.0
04.05(화),대전,키움,5,9,한화,2016,패,승,3,0,1.0,172.0
04.06(수),대전,키움,6,4,한화,2016,승,패,3,1,0.75,172.0
04.07(목),대전,키움,7,3,한화,2016,승,패,3,2,0.6,172.0
04.08(금),창원,한화,4,5,NC,2016,패,승,4,2,0.6666666666666666,396.0
04.09(토),창원,한화,1,10,NC,2016,패,승,5,2,0.7142857142857143,396.0
04.10(일),창원,한화,2,1,NC,2016,승,패,5,3,0.625,396.0
04.12(화),대전,두산,8,2,한화,2016,승,패,5,4,0.5555555555555556,620.0
04.13(수),대전,두산,7,3,한화,2016,승,패,5,5,0.5,620.0
04.14(목),대전,두산,17,2,한화,2016,승,패,5,6,0.4545454545454545,620.0
04.15(금),대전,LG,18,2,한화,2016,승,패,5,7,0.4166666666666667,620.0
04.17(일),대전,LG,6,4,한화,2016,승,패,5,8,0.3846153846153846,620.0
04.19(화),사직,한화,3,4,롯데,2016,패,승,6,8,0.4285714285714285,880.0
04.20(수),사직,한화,4,10,롯데,2016,패,승,7,8,0.4666666666666667,880.0
04.21(목),사직,한화,9,5,롯데,2016,승,패,7,9,0.4375,880.0
04.22(금),잠실,한화,2,8,두산,2016,패,승,8,9,0.4705882352941176,1280.0
04.23(토),잠실,한화,2,3,두산,2016,패,승,9,9,0.5,1280.0
04.24(일),잠실,한화,1,5,두산,2016,패,승,10,9,0.5263157894736842,1280.0
04.26(화),대전,KIA,2,4,한화,2016,패,승,11,9,0.55,1452.0
04.28(목),대전,KIA,2,3,한화,2016,패,승,12,9,0.5714285714285714,1452.0
04.29(금),대전,삼성,5,10,한화,2016,패,승,13,9,0.5909090909090909,1452.0
04.30(토),대전,삼성,6,3,한화,2016,승,패,13,10,0.5652173913043478,1452.0
05.01(일),대전,삼성,8,9,한화,2016,패,승,14,10,0.5833333333333334,1452.0
05.03(화),문학,한화,7,2,SSG,2016,승,패,14,11,0.56,1608.0
05.04(수),문학,한화,1,5,SSG,2016,패,승,15,11,0.5769230769230769,1608.0
05.05(목),문학,한화,6,19,SSG,2016,패,승,16,11,0.5925925925925926,1608.0
05.06(금),수원,한화,3,10,KT,2016,패,승,17,11,0.6071428571428571,1651.0
05.07(토),수원,한화,10,17,KT,2016,패,승,18,11,0.6206896551724138,1651.0
05.08(일),수원,한화,4,7,KT,2016,패,승,19,11,0.6333333333333333,1651.0
05.11(수),대전,NC,5,6,한화,2016,패,승,20,11,0.6451612903225806,1800.0
05.12(목),대전,NC,12,1,한화,2016,승,패,20,12,0.625,1800.0
05.13(금),광주,한화,2,4,KIA,2016,패,승,21,12,0.6363636363636364,1987.0
05.14(토),광주,한화,0,8,KIA,2016,패,승,22,12,0.6470588235294118,1987.0
05.15(일),광주,한화,7,8,KIA,2016,패,승,23,12,0.6571428571428571,1987.0
05.17(화),대구,한화,4,5,삼성,2016,패,승,24,12,0.6666666666666666,2225.0
05.18(수),대구,한화,2,13,삼성,2016,패,승,25,12,0.6756756756756757,2225.0
05.19(목),대구,한화,9,6,삼성,2016,승,패,25,13,0.6578947368421053,2225.0
05.20(금),대전,KT,2,11,한화,2016,패,승,26,13,0.6666666666666666,2388.0
05.21(토),대전,KT,8,8,한화,2016,무,무,26,14,0.65,2388.0
05.22(일),대전,KT,18,7,한화,2016,승,패,26,15,0.6341463414634146,2388.0
05.24(화),고척,한화,1,2,키움,2016,패,승,27,15,0.6428571428571429,2576.0
05.25(수),고척,한화,8,9,키움,2016,패,승,28,15,0.6511627906976745,2576.0
05.26(목),고척,한화,7,6,키움,2016,승,패,28,16,0.6363636363636364,2576.0
05.27(금),대전,롯데,7,11,한화,2016,패,승,29,16,0.6444444444444445,2764.0
05.28(토),대전,롯데,6,9,한화,2016,패,승,30,16,0.6521739130434783,2764.0
05.29(일),대전,롯데,2,9,한화,2016,패,승,31,16,0.6595744680851063,2764.0
05.31(화),대전,SSG,4,8,한화,2016,패,승,32,16,0.6666666666666666,2764.0
06.01(수),대전,SSG,7,2,한화,2016,승,패,32,17,0.6530612244897959,2764.0
06.02(목),대전,SSG,1,4,한화,2016,패,승,33,17,0.66,2764.0
06.03(금),대구,한화,4,3,삼성,2016,승,패,33,18,0.6470588235294118,2927.0
06.04(토),대구,한화,8,7,삼성,2016,승,패,33,19,0.6346153846153846,2927.0
06.05(일),대구,한화,6,5,삼성,2016,승,패,33,20,0.6226415094339622,2927.0
06.07(화),대전,KIA,3,5,한화,2016,패,승,34,20,0.6296296296296297,3090.0
06.08(수),대전,KIA,3,5,한화,2016,패,승,35,20,0.6363636363636364,3090.0
06.09(목),대전,KIA,12,1,한화,2016,승,패,35,21,0.625,3090.0
06.10(금),대전,LG,1,2,한화,2016,패,승,36,21,0.631578947368421,3090.0
06.11(토),대전,LG,5,3,한화,2016,승,패,36,22,0.6206896551724138,3090.0
06.12(일),대전,LG,5,6,한화,2016,패,승,37,22,0.6271186440677966,3090.0
06.14(화),수원,한화,3,5,KT,2016,패,승,38,22,0.6333333333333333,3239.0
06.16(목),수원,한화,4,7,KT,2016,패,승,39,22,0.639344262295082,3239.0
06.17(금),대전,키움,5,8,한화,2016,패,승,40,22,0.6451612903225806,3388.0
06.18(토),대전,키움,11,6,한화,2016,승,패,40,23,0.6349206349206349,3388.0
06.19(일),대전,키움,11,6,한화,2016,승,패,40,24,0.625,3388.0
06.21(화),창원,한화,8,2,NC,2016,승,패,40,25,0.6153846153846154,3612.0
06.23(목),창원,한화,3,3,NC,2016,무,무,40,26,0.6060606060606061,3612.0
06.24(금),대전,롯데,4,2,한화,2016,승,패,40,27,0.5970149253731343,3836.0
06.25(토),대전,롯데,1,8,한화,2016,패,승,41,27,0.6029411764705882,3836.0
06.26(일),대전,롯데,12,4,한화,2016,승,패,41,28,0.5942028985507246,3836.0
06.28(화),고척,한화,13,3,키움,2016,승,패,41,29,0.5857142857142857,4024.0
06.29(수),고척,한화,4,7,키움,2016,패,승,42,29,0.5915492957746479,4024.0
06.30(목),고척,한화,5,11,키움,2016,패,승,43,29,0.5972222222222222,4024.0
07.02(토),대전,두산,4,1,한화,2016,승,패,43,30,0.589041095890411,4212.0
07.06(수),문학,한화,13,2,SSG,2016,승,패,43,31,0.581081081081081,4368.0
07.07(목),문학,한화,14,4,SSG,2016,승,패,43,32,0.5733333333333334,4368.0
07.08(금),대전,삼성,3,6,한화,2016,패,승,44,32,0.5789473684210527,4524.0
07.09(토),대전,삼성,4,4,한화,2016,무,무,44,33,0.5714285714285714,4524.0
07.10(일),대전,삼성,6,10,한화,2016,패,승,45,33,0.5769230769230769,4524.0
07.12(화),잠실,한화,4,5,LG,2016,패,승,46,33,0.5822784810126582,4696.0
07.13(수),잠실,한화,7,5,LG,2016,승,패,46,34,0.575,4696.0
07.14(목),잠실,한화,7,4,LG,2016,승,패,46,35,0.5679012345679012,4696.0
07.19(화),대전,KT,7,17,한화,2016,패,승,47,35,0.573170731707317,4868.0
07.20(수),대전,KT,4,1,한화,2016,승,패,47,36,0.5662650602409639,4868.0
07.21(목),대전,KT,1,8,한화,2016,패,승,48,36,0.5714285714285714,4868.0
07.22(금),사직,한화,2,10,롯데,2016,패,승,49,36,0.5764705882352941,5128.0
07.23(토),사직,한화,6,7,롯데,2016,패,승,50,36,0.5813953488372093,5128.0
07.24(일),사직,한화,8,1,롯데,2016,승,패,50,37,0.5747126436781609,5128.0
07.26(화),대전,SSG,9,4,한화,2016,승,패,50,38,0.5681818181818182,5388.0
07.27(수),대전,SSG,0,8,한화,2016,패,승,51,38,0.5730337078651685,5388.0
07.28(목),대전,SSG,8,12,한화,2016,패,승,52,38,0.5777777777777777,5388.0
07.29(금),잠실,한화,9,8,두산,2016,승,패,52,39,0.5714285714285714,5560.0
07.30(토),잠실,한화,10,9,두산,2016,승,패,52,40,0.5652173913043478,5560.0
07.31(일),잠실,한화,4,10,두산,2016,패,승,53,40,0.5698924731182796,5560.0
08.02(화),광주,한화,9,10,KIA,2016,패,승,54,40,0.574468085106383,5821.0
08.03(수),광주,한화,8,1,KIA,2016,승,패,54,41,0.5684210526315789,5821.0
08.04(목),광주,한화,5,7,KIA,2016,패,승,55,41,0.5729166666666666,5821.0
08.05(금),대전,NC,4,14,한화,2016,패,승,56,41,0.5773195876288659,6008.0
08.06(토),대전,NC,11,3,한화,2016,승,패,56,42,0.5714285714285714,6008.0
08.07(일),대전,NC,3,8,한화,2016,패,승,57,42,0.5757575757575758,6008.0
08.09(화),대전,삼성,6,9,한화,2016,패,승,58,42,0.58,6008.0
08.10(수),대전,삼성,16,7,한화,2016,승,패,58,43,0.5742574257425742,6008.0
08.11(목),사직,한화,3,2,롯데,2016,승,패,58,44,0.5686274509803921,6268.0
08.12(금),사직,한화,3,4,롯데,2016,패,승,59,44,0.5728155339805825,6268.0
08.13(토),광주,한화,4,6,KIA,2016,패,승,60,44,0.5769230769230769,6530.0
08.14(일),광주,한화,3,2,KIA,2016,승,패,60,45,0.5714285714285714,6530.0
08.16(화),대전,두산,13,3,한화,2016,승,패,60,46,0.5660377358490566,6717.0
08.17(수),대전,두산,7,4,한화,2016,승,패,60,47,0.5607476635514018,6717.0
08.18(목),잠실,한화,8,5,LG,2016,승,패,60,48,0.5555555555555556,6889.0
08.19(금),잠실,한화,2,3,LG,2016,패,승,61,48,0.5596330275229358,6889.0
08.20(토),수원,한화,9,10,KT,2016,패,승,62,48,0.5636363636363636,6925.0
08.21(일),수원,한화,12,6,KT,2016,승,패,62,49,0.5585585585585585,6925.0
08.24(수),대전,키움,12,6,한화,2016,승,패,62,50,0.5535714285714286,7074.0
08.25(목),대전,NC,13,1,한화,2016,승,패,62,51,0.5486725663716814,7074.0
08.26(금),대전,NC,4,7,한화,2016,패,승,63,51,0.5526315789473685,7074.0
08.27(토),문학,한화,12,4,SSG,2016,승,패,63,52,0.5478260869565217,7230.0
08.28(일),문학,한화,9,1,SSG,2016,승,패,63,53,0.5431034482758621,7230.0
08.30(화),잠실,한화,4,11,두산,2016,패,승,64,53,0.5470085470085471,7284.0
09.01(목),대전,LG,7,2,한화,2016,승,패,64,54,0.5423728813559322,7456.0
09.02(금),대전,LG,6,11,한화,2016,패,승,65,54,0.5462184873949579,7456.0
09.03(토),고척,한화,13,11,키움,2016,승,패,65,55,0.5416666666666666,7644.0
09.04(일),고척,한화,5,7,키움,2016,패,승,66,55,0.5454545454545454,7644.0
09.06(화),창원,한화,6,7,NC,2016,패,승,67,55,0.5491803278688525,8008.0
09.07(수),창원,한화,0,1,NC,2016,패,승,68,55,0.5528455284552846,8008.0
09.08(목),대전,KT,3,4,한화,2016,패,승,69,55,0.5564516129032258,8232.0
09.09(금),대전,KT,1,2,한화,2016,패,승,70,55,0.56,8232.0
09.10(토),대전,SSG,0,14,한화,2016,패,승,71,55,0.5634920634920635,8232.0
09.11(일),대전,SSG,6,7,한화,2016,패,승,72,55,0.5669291338582677,8232.0
09.13(화),대구,한화,7,6,삼성,2016,승,패,72,56,0.5625,8395.0
09.14(수),대구,한화,6,9,삼성,2016,패,승,73,56,0.5658914728682171,8395.0
09.15(목),대전,롯데,6,7,한화,2016,패,승,74,56,0.5692307692307692,8558.0
09.16(금),대전,롯데,8,6,한화,2016,승,패,74,57,0.5648854961832062,8558.0
09.18(일),대전,KIA,3,1,한화,2016,승,패,74,58,0.5606060606060606,8558.0
09.19(월),대전,KIA,4,2,한화,2016,승,패,74,59,0.556390977443609,8558.0
09.20(화),대전,LG,11,3,한화,2016,승,패,74,60,0.5522388059701493,8558.0
09.22(목),대전,NC,7,2,한화,2016,승,패,74,61,0.5481481481481482,8558.0
09.24(토),잠실,한화,12,7,LG,2016,승,패,74,62,0.5441176470588235,8730.0
09.25(일),문학,한화,4,9,SSG,2016,패,승,75,62,0.5474452554744526,8784.0
09.27(화),대전,두산,8,9,한화,2016,패,승,76,62,0.5507246376811594,8940.0
09.28(수),대전,두산,12,3,한화,2016,승,패,76,63,0.5467625899280576,8940.0
09.30(금),창원,한화,7,1,NC,2016,승,패,76,64,0.5428571428571428,9164.0
10.02(일),대전,키움,4,1,한화,2016,승,패,76,65,0.5390070921985816,9388.0
10.03(월),잠실,한화,13,5,두산,2016,승,패,76,66,0.5352112676056338,9560.0
10.05(수),수원,한화,7,2,KT,2016,승,패,76,67,0.5314685314685315,9596.0
10.08(토),대전,KIA,5,6,한화,2016,패,승,77,67,0.5347222222222222,9745.0
03.31(금),잠실,한화,0,3,두산,2017,패,승,1,0,1.0,0.0
04.01(토),잠실,한화,6,5,두산,2017,승,패,1,1,0.5,0.0
04.02(일),잠실,한화,4,5,두산,2017,패,승,2,1,0.6666666666666666,0.0
04.04(화),대전,NC,0,6,한화,2017,패,승,3,1,0.75,172.0
04.06(목),대전,NC,5,2,한화,2017,승,패,3,2,0.6,172.0
04.07(금),광주,한화,2,4,KIA,2017,패,승,4,2,0.6666666666666666,359.0
04.08(토),광주,한화,4,3,KIA,2017,승,패,4,3,0.5714285714285714,359.0
04.09(일),광주,한화,2,3,KIA,2017,패,승,5,3,0.625,359.0
04.11(화),대구,한화,11,8,삼성,2017,승,패,5,4,0.5555555555555556,597.0
04.12(수),대구,한화,5,3,삼성,2017,승,패,5,5,0.5,597.0
04.13(목),대구,한화,1,5,삼성,2017,패,승,6,5,0.5454545454545454,597.0
04.14(금),대전,SSG,6,2,한화,2017,승,패,6,6,0.5,760.0
04.15(토),대전,SSG,12,4,한화,2017,승,패,6,7,0.4615384615384615,760.0
04.16(일),대전,SSG,10,1,한화,2017,승,패,6,8,0.4285714285714285,760.0
04.18(화),대전,LG,2,3,한화,2017,패,승,7,8,0.4666666666666667,760.0
04.19(수),대전,LG,0,3,한화,2017,패,승,8,8,0.5,760.0
04.20(목),대전,LG,4,3,한화,2017,승,패,8,9,0.4705882352941176,760.0
04.21(금),수원,한화,7,2,KT,2017,승,패,8,10,0.4444444444444444,909.0
04.22(토),수원,한화,9,11,KT,2017,패,승,9,10,0.4736842105263157,909.0
04.23(일),수원,한화,14,1,KT,2017,승,패,9,11,0.45,909.0
04.25(화),사직,한화,2,4,롯데,2017,패,승,10,11,0.4761904761904761,1288.0
04.26(수),사직,한화,2,8,롯데,2017,패,승,11,11,0.5,1288.0
04.27(목),사직,한화,6,1,롯데,2017,승,패,11,12,0.4782608695652174,1288.0
04.28(금),대전,키움,13,2,한화,2017,승,패,11,13,0.4583333333333333,1548.0
04.29(토),대전,키움,7,3,한화,2017,승,패,11,14,0.44,1548.0
04.30(일),대전,키움,5,4,한화,2017,승,패,11,15,0.4230769230769231,1548.0
05.02(화),문학,한화,6,5,SSG,2017,승,패,11,16,0.4074074074074074,1704.0
05.03(수),문학,한화,9,8,SSG,2017,승,패,11,17,0.3928571428571428,1704.0
05.04(목),문학,한화,2,6,SSG,2017,패,승,12,17,0.4137931034482758,1704.0
05.05(금),대전,KT,1,13,한화,2017,패,승,13,17,0.4333333333333333,1860.0
05.06(토),대전,KT,3,5,한화,2017,패,승,14,17,0.4516129032258064,1860.0
05.07(일),대전,KT,10,0,한화,2017,승,패,14,18,0.4375,1860.0
05.10(수),대전,롯데,8,1,한화,2017,승,패,14,19,0.4242424242424242,1860.0
05.11(목),대전,롯데,1,2,한화,2017,패,승,15,19,0.4411764705882353,1860.0
05.12(금),잠실,한화,5,3,LG,2017,승,패,15,20,0.4285714285714285,2032.0
05.13(토),잠실,한화,10,0,LG,2017,승,패,15,21,0.4166666666666667,2032.0
05.14(일),잠실,한화,1,4,LG,2017,패,승,16,21,0.4324324324324324,2032.0
05.16(화),고척,한화,1,2,키움,2017,패,승,17,21,0.4473684210526316,2063.0
05.17(수),고척,한화,8,4,키움,2017,승,패,17,22,0.4358974358974359,2063.0
05.18(목),고척,한화,6,8,키움,2017,패,승,18,22,0.45,2063.0
05.19(금),대전,삼성,6,2,한화,2017,승,패,18,23,0.4390243902439024,2251.0
05.20(토),대전,삼성,9,8,한화,2017,승,패,18,24,0.4285714285714285,2251.0
05.21(일),대전,삼성,8,7,한화,2017,승,패,18,25,0.4186046511627907,2251.0
05.23(화),대전,KIA,13,8,한화,2017,승,패,18,26,0.4090909090909091,2251.0
05.24(수),대전,KIA,9,3,한화,2017,승,패,18,27,0.4,2251.0
05.25(목),대전,KIA,6,4,한화,2017,승,패,18,28,0.391304347826087,2251.0
05.26(금),창원,한화,3,5,NC,2017,패,승,19,28,0.4042553191489361,2475.0
05.27(토),창원,한화,6,1,NC,2017,승,패,19,29,0.3958333333333333,2475.0
05.28(일),창원,한화,8,1,NC,2017,승,패,19,30,0.3877551020408163,2475.0
05.30(화),대전,두산,2,5,한화,2017,패,승,20,30,0.4,2699.0
05.31(수),대전,두산,1,3,한화,2017,패,승,21,30,0.4117647058823529,2699.0
06.01(목),대전,두산,8,6,한화,2017,승,패,21,31,0.4038461538461538,2699.0
06.02(금),대전,SSG,4,5,한화,2017,패,승,22,31,0.4150943396226415,2699.0
06.03(토),대전,SSG,5,2,한화,2017,승,패,22,32,0.4074074074074074,2699.0
06.04(일),대전,SSG,7,4,한화,2017,승,패,22,33,0.4,2699.0
06.07(수),광주,한화,0,7,KIA,2017,패,승,23,33,0.4107142857142857,2886.0
06.08(목),광주,한화,4,8,KIA,2017,패,승,24,33,0.4210526315789473,2886.0
06.09(금),대전,삼성,8,5,한화,2017,승,패,24,34,0.4137931034482758,3073.0
06.10(토),대전,삼성,2,10,한화,2017,패,승,25,34,0.423728813559322,3073.0
06.11(일),대전,삼성,7,4,한화,2017,승,패,25,35,0.4166666666666667,3073.0
06.13(화),문학,한화,11,8,SSG,2017,승,패,25,36,0.4098360655737705,3229.0
06.14(수),문학,한화,3,6,SSG,2017,패,승,26,36,0.4193548387096774,3229.0
06.15(목),문학,한화,3,4,SSG,2017,패,승,27,36,0.4285714285714285,3229.0
06.16(금),수원,한화,15,14,KT,2017,승,패,27,37,0.421875,3272.0
06.17(토),수원,한화,9,1,KT,2017,승,패,27,38,0.4153846153846154,3272.0
06.18(일),수원,한화,13,5,KT,2017,승,패,27,39,0.4090909090909091,3272.0
06.20(화),대전,키움,5,6,한화,2017,패,승,28,39,0.417910447761194,3421.0
06.21(수),대전,키움,6,5,한화,2017,승,패,28,40,0.4117647058823529,3421.0
06.22(목),대전,키움,12,13,한화,2017,패,승,29,40,0.4202898550724637,3421.0
06.23(금),대구,한화,3,5,삼성,2017,패,승,30,40,0.4285714285714285,3584.0
06.24(토),대구,한화,2,8,삼성,2017,패,승,31,40,0.4366197183098591,3584.0
06.25(일),대구,한화,7,7,삼성,2017,무,무,31,41,0.4305555555555556,3584.0
06.27(화),대전,KT,1,4,한화,2017,패,승,32,41,0.4383561643835616,3747.0
06.28(수),대전,KT,5,4,한화,2017,승,패,32,42,0.4324324324324324,3747.0
06.29(목),대전,KT,5,8,한화,2017,패,승,33,42,0.44,3747.0
06.30(금),대전,두산,8,13,한화,2017,패,승,34,42,0.4473684210526316,3747.0
07.01(토),대전,두산,3,9,한화,2017,패,승,35,42,0.4545454545454545,3747.0
07.04(화),고척,한화,5,7,키움,2017,패,승,36,42,0.4615384615384615,3935.0
07.05(수),고척,한화,7,12,키움,2017,패,승,37,42,0.4683544303797468,3935.0
07.06(목),고척,한화,6,13,키움,2017,패,승,38,42,0.475,3935.0
07.08(토),잠실,한화,6,3,LG,2017,승,패,38,43,0.4691358024691358,3966.0
07.09(일),잠실,한화,2,3,LG,2017,패,승,39,43,0.4756097560975609,3966.0
07.11(화),대전,롯데,5,4,한화,2017,승,패,39,44,0.4698795180722891,4138.0
07.12(수),대전,롯데,8,4,한화,2017,승,패,39,45,0.4642857142857143,4138.0
07.13(목),대전,롯데,4,6,한화,2017,패,승,40,45,0.4705882352941176,4138.0
07.18(화),대전,NC,7,4,한화,2017,승,패,40,46,0.4651162790697674,4138.0
07.19(수),대전,NC,13,9,한화,2017,승,패,40,47,0.4597701149425287,4138.0
07.20(목),대전,NC,7,4,한화,2017,승,패,40,48,0.4545454545454545,4138.0
07.21(금),잠실,한화,6,9,두산,2017,패,승,41,48,0.4606741573033708,4310.0
07.22(토),잠실,한화,1,17,두산,2017,패,승,42,48,0.4666666666666667,4310.0
07.23(일),잠실,한화,7,8,두산,2017,패,승,43,48,0.4725274725274725,4310.0
07.26(수),사직,한화,8,9,롯데,2017,패,승,44,48,0.4782608695652174,4710.0
07.27(목),사직,한화,6,3,롯데,2017,승,패,44,49,0.4731182795698925,4710.0
07.28(금),대전,LG,3,4,한화,2017,패,승,45,49,0.4787234042553192,4970.0
07.29(토),대전,LG,12,2,한화,2017,승,패,45,50,0.4736842105263157,4970.0
07.30(일),대전,LG,9,3,한화,2017,승,패,45,51,0.46875,4970.0
08.01(화),창원,한화,6,7,NC,2017,패,승,46,51,0.4742268041237113,5194.0
08.02(수),창원,한화,6,2,NC,2017,승,패,46,52,0.4693877551020408,5194.0
08.03(목),창원,한화,2,10,NC,2017,패,승,47,52,0.4747474747474747,5194.0
08.04(금),대전,KIA,3,7,한화,2017,패,승,48,52,0.48,5418.0
08.05(토),대전,KIA,7,1,한화,2017,승,패,48,53,0.4752475247524752,5418.0
08.08(화),잠실,한화,1,8,두산,2017,패,승,49,53,0.4803921568627451,5590.0
08.09(수),잠실,한화,12,6,두산,2017,승,패,49,54,0.4757281553398058,5590.0
08.11(금),대전,삼성,3,8,한화,2017,패,승,50,54,0.4807692307692308,5762.0
08.12(토),고척,한화,6,1,키움,2017,승,패,50,55,0.4761904761904761,5950.0
08.13(일),고척,한화,1,9,키움,2017,패,승,51,55,0.4811320754716981,5950.0
08.16(수),대전,SSG,5,8,한화,2017,패,승,52,55,0.4859813084112149,6138.0
08.17(목),창원,한화,1,3,NC,2017,패,승,53,55,0.4907407407407407,6362.0
08.18(금),창원,한화,14,9,NC,2017,승,패,53,56,0.4862385321100917,6362.0
08.19(토),대전,롯데,0,2,한화,2017,패,승,54,56,0.4909090909090909,6586.0
08.20(일),대전,롯데,4,3,한화,2017,승,패,54,57,0.4864864864864865,6586.0
08.22(화),수원,한화,3,2,KT,2017,승,패,54,58,0.4821428571428571,6735.0
08.23(수),수원,한화,10,9,KT,2017,승,패,54,59,0.4778761061946903,6735.0
08.25(금),대전,KIA,3,6,한화,2017,패,승,55,59,0.4824561403508772,6884.0
08.26(토),문학,한화,1,2,SSG,2017,패,승,56,59,0.4869565217391304,7040.0
08.27(일),문학,한화,2,4,SSG,2017,패,승,57,59,0.4913793103448275,7040.0
08.29(화),대전,LG,4,8,한화,2017,패,승,58,59,0.4957264957264957,7196.0
08.30(수),대전,LG,6,5,한화,2017,승,패,58,60,0.4915254237288136,7196.0
08.31(목),대전,KT,1,10,한화,2017,패,승,59,60,0.4957983193277311,7196.0
09.01(금),대전,KT,6,1,한화,2017,승,패,59,61,0.4916666666666666,7196.0
09.02(토),사직,한화,0,9,롯데,2017,패,승,60,61,0.4958677685950413,7456.0
09.03(일),사직,한화,2,7,롯데,2017,패,승,61,61,0.5,7456.0
09.05(화),대전,두산,4,6,한화,2017,패,승,62,61,0.5040650406504065,7716.0
09.06(수),대전,두산,13,9,한화,2017,승,패,62,62,0.5,7716.0
09.07(목),광주,한화,11,2,KIA,2017,승,패,62,63,0.496,7903.0
09.08(금),광주,한화,5,9,KIA,2017,패,승,63,63,0.5,7903.0
09.09(토),대전,NC,3,6,한화,2017,패,승,64,63,0.5039370078740157,8090.0
09.10(일),대전,NC,11,5,한화,2017,승,패,64,64,0.5,8090.0
09.12(화),대구,한화,6,2,삼성,2017,승,패,64,65,0.4961240310077519,8253.0
09.13(수),대구,한화,5,13,삼성,2017,패,승,65,65,0.5,8253.0
09.14(목),대전,키움,2,10,한화,2017,패,승,66,65,0.5038167938931297,8416.0
09.15(금),대전,키움,4,6,한화,2017,패,승,67,65,0.5075757575757576,8416.0
09.16(토),잠실,한화,3,1,LG,2017,승,패,67,66,0.5037593984962406,8588.0
09.17(일),잠실,한화,1,8,LG,2017,패,승,68,66,0.5074626865671642,8588.0
09.20(수),잠실,한화,2,1,LG,2017,승,패,68,67,0.5037037037037037,8588.0
09.22(금),대전,롯데,2,0,한화,2017,승,패,68,68,0.5,8760.0
09.23(토),대전,삼성,7,8,한화,2017,패,승,69,68,0.5036496350364964,8760.0
09.24(일),광주,한화,5,0,KIA,2017,승,패,69,69,0.5,8947.0
09.26(화),사직,한화,8,11,롯데,2017,패,승,70,69,0.5035971223021583,9209.0
09.28(목),대전,KIA,7,4,한화,2017,승,패,70,70,0.5,9469.0
09.29(금),대전,KIA,7,2,한화,2017,승,패,70,71,0.4964539007092198,9469.0
09.30(토),대전,SSG,4,1,한화,2017,승,패,70,72,0.4929577464788732,9469.0
10.01(일),대전,두산,6,4,한화,2017,승,패,70,73,0.4895104895104895,9469.0
10.03(화),대전,NC,8,8,한화,2017,무,무,70,74,0.4861111111111111,9469.0
03.24(토),고척,한화,3,6,키움,2018,패,승,1,0,1.0,0.0
03.25(일),고척,한화,4,1,키움,2018,승,패,1,1,0.5,0.0
03.27(화),창원,한화,6,9,NC,2018,패,승,2,1,0.6666666666666666,364.0
03.28(수),창원,한화,6,2,NC,2018,승,패,2,2,0.5,364.0
03.29(목),창원,한화,1,4,NC,2018,패,승,3,2,0.6,364.0
03.30(금),대전,SSG,8,4,한화,2018,승,패,3,3,0.5,588.0
03.31(토),대전,SSG,12,1,한화,2018,승,패,3,4,0.4285714285714285,588.0
04.01(일),대전,SSG,13,1,한화,2018,승,패,3,5,0.375,588.0
04.03(화),대전,롯데,11,17,한화,2018,패,승,4,5,0.4444444444444444,588.0
04.04(수),대전,롯데,6,7,한화,2018,패,승,5,5,0.5,588.0
04.07(토),수원,한화,2,10,KT,2018,패,승,6,5,0.5454545454545454,737.0
04.08(일),수원,한화,12,8,KT,2018,승,패,6,6,0.5,737.0
04.10(화),대전,KIA,3,4,한화,2018,패,승,7,6,0.5384615384615384,886.0
04.11(수),대전,KIA,4,6,한화,2018,패,승,8,6,0.5714285714285714,886.0
04.12(목),대전,KIA,4,15,한화,2018,패,승,9,6,0.6,886.0
04.13(금),대전,삼성,4,2,한화,2018,승,패,9,7,0.5625,886.0
04.14(토),대전,삼성,2,14,한화,2018,패,승,10,7,0.5882352941176471,886.0
04.15(일),대전,삼성,4,7,한화,2018,패,승,11,7,0.6111111111111112,886.0
04.17(화),잠실,한화,5,2,두산,2018,승,패,11,8,0.5789473684210527,1058.0
04.18(수),잠실,한화,4,5,두산,2018,패,승,12,8,0.6,1058.0
04.19(목),잠실,한화,2,5,두산,2018,패,승,13,8,0.6190476190476191,1058.0
04.20(금),대전,키움,6,1,한화,2018,승,패,13,9,0.5909090909090909,1230.0
04.21(토),대전,키움,4,3,한화,2018,승,패,13,10,0.5652173913043478,1230.0
04.22(일),대전,키움,10,1,한화,2018,승,패,13,11,0.5416666666666666,1230.0
04.25(수),광주,한화,3,2,KIA,2018,승,패,13,12,0.52,1417.0
04.26(목),광주,한화,3,1,KIA,2018,승,패,13,13,0.5,1417.0
04.27(금),사직,한화,3,5,롯데,2018,패,승,14,13,0.5185185185185185,1679.0
04.28(토),사직,한화,4,2,롯데,2018,승,패,14,14,0.5,1679.0
04.29(일),사직,한화,3,4,롯데,2018,패,승,15,14,0.5172413793103449,1679.0
05.01(화),대전,LG,5,6,한화,2018,패,승,16,14,0.5333333333333333,1939.0
05.02(수),대전,LG,3,4,한화,2018,패,승,17,14,0.5483870967741935,1939.0
05.03(목),대전,LG,3,7,한화,2018,패,승,18,14,0.5625,1939.0
05.04(금),대구,한화,9,6,삼성,2018,승,패,18,15,0.5454545454545454,2102.0
05.05(토),대구,한화,3,8,삼성,2018,패,승,19,15,0.5588235294117647,2102.0
05.08(화),고척,한화,10,9,키움,2018,승,패,19,16,0.5428571428571428,2418.0
05.09(수),고척,한화,4,1,키움,2018,승,패,19,17,0.5277777777777778,2418.0
05.10(목),고척,한화,3,1,키움,2018,승,패,19,18,0.5135135135135135,2418.0
05.11(금),대전,NC,4,2,한화,2018,승,패,19,19,0.5,2606.0
05.13(일),대전,NC,0,4,한화,2018,패,승,20,19,0.5128205128205128,2606.0
05.15(화),대전,KT,3,0,한화,2018,승,패,20,20,0.5,2606.0
05.16(수),대전,KT,4,5,한화,2018,패,승,21,20,0.5121951219512195,2606.0
05.17(목),대전,KT,3,5,한화,2018,패,승,22,20,0.5238095238095238,2606.0
05.18(금),잠실,한화,4,3,LG,2018,승,패,22,21,0.5116279069767442,2778.0
05.19(토),잠실,한화,2,1,LG,2018,승,패,22,22,0.5,2778.0
05.20(일),잠실,한화,2,6,LG,2018,패,승,23,22,0.5111111111111111,2778.0
05.22(화),대전,두산,7,8,한화,2018,패,승,24,22,0.5217391304347826,2950.0
05.23(수),대전,두산,3,5,한화,2018,패,승,25,22,0.5319148936170213,2950.0
05.24(목),대전,두산,7,1,한화,2018,승,패,25,23,0.5208333333333334,2950.0
05.25(금),문학,한화,1,5,SSG,2018,패,승,26,23,0.5306122448979592,3106.0
05.26(토),문학,한화,2,7,SSG,2018,패,승,27,23,0.54,3106.0
05.27(일),문학,한화,7,5,SSG,2018,승,패,27,24,0.5294117647058824,3106.0
05.29(화),대전,NC,2,7,한화,2018,패,승,28,24,0.5384615384615384,3262.0
05.30(수),대전,NC,4,10,한화,2018,패,승,29,24,0.5471698113207547,3262.0
05.31(목),대전,NC,5,4,한화,2018,승,패,29,25,0.5370370370370371,3262.0
06.01(금),사직,한화,13,6,롯데,2018,승,패,29,26,0.5272727272727272,3522.0
06.02(토),사직,한화,3,2,롯데,2018,승,패,29,27,0.5178571428571429,3522.0
06.03(일),사직,한화,0,6,롯데,2018,패,승,30,27,0.5263157894736842,3522.0
06.05(화),잠실,한화,3,7,LG,2018,패,승,31,27,0.5344827586206896,3922.0
06.06(수),잠실,한화,5,1,LG,2018,승,패,31,28,0.5254237288135594,3922.0
06.07(목),잠실,한화,5,6,LG,2018,패,승,32,28,0.5333333333333333,3922.0
06.08(금),대전,SSG,5,7,한화,2018,패,승,33,28,0.5409836065573771,4094.0
06.09(토),대전,SSG,4,2,한화,2018,승,패,33,29,0.532258064516129,4094.0
06.10(일),대전,SSG,3,4,한화,2018,패,승,34,29,0.5396825396825397,4094.0
06.12(화),고척,한화,6,2,키움,2018,승,패,34,30,0.53125,4282.0
06.13(수),고척,한화,2,4,키움,2018,패,승,35,30,0.5384615384615384,4282.0
06.14(목),고척,한화,9,8,키움,2018,승,패,35,31,0.5303030303030303,4282.0
06.15(금),대전,두산,13,4,한화,2018,승,패,35,32,0.5223880597014925,4470.0
06.16(토),대전,두산,8,3,한화,2018,승,패,35,33,0.5147058823529411,4470.0
06.17(일),대전,두산,6,11,한화,2018,패,승,36,33,0.5217391304347826,4470.0
06.19(화),대전,LG,4,0,한화,2018,승,패,36,34,0.5142857142857142,4470.0
06.20(수),대전,LG,7,11,한화,2018,패,승,37,34,0.5211267605633803,4470.0
06.21(목),대전,LG,6,9,한화,2018,패,승,38,34,0.5277777777777778,4470.0
06.22(금),창원,한화,5,0,NC,2018,승,패,38,35,0.5205479452054794,4694.0
06.23(토),창원,한화,8,1,NC,2018,승,패,38,36,0.5135135135135135,4694.0
06.24(일),창원,한화,5,3,NC,2018,승,패,38,37,0.5066666666666667,4694.0
06.26(화),대전,삼성,13,2,한화,2018,승,패,38,38,0.5,4918.0
06.27(수),대전,삼성,0,4,한화,2018,패,승,39,38,0.5064935064935064,4918.0
06.28(목),대전,삼성,3,8,한화,2018,패,승,40,38,0.5128205128205128,4918.0
06.29(금),대전,롯데,2,5,한화,2018,패,승,41,38,0.5189873417721519,4918.0
06.30(토),대전,롯데,5,6,한화,2018,패,승,42,38,0.525,4918.0
07.03(화),광주,한화,2,9,KIA,2018,패,승,43,38,0.5308641975308642,5105.0
07.04(수),광주,한화,4,6,KIA,2018,패,승,44,38,0.5365853658536586,5105.0
07.05(목),광주,한화,8,2,KIA,2018,승,패,44,39,0.5301204819277109,5105.0
07.06(금),문학,한화,0,6,SSG,2018,패,승,45,39,0.5357142857142857,5374.0
07.07(토),문학,한화,4,5,SSG,2018,패,승,46,39,0.5411764705882353,5374.0
07.08(일),문학,한화,5,2,SSG,2018,승,패,46,40,0.5348837209302325,5374.0
07.10(화),대전,키움,1,4,한화,2018,패,승,47,40,0.5402298850574713,5530.0
07.11(수),대전,키움,22,8,한화,2018,승,패,47,41,0.5340909090909091,5530.0
07.12(목),대전,키움,1,4,한화,2018,패,승,48,41,0.5393258426966292,5530.0
07.17(화),수원,한화,8,1,KT,2018,승,패,48,42,0.5333333333333333,5679.0
07.18(수),수원,한화,2,4,KT,2018,패,승,49,42,0.5384615384615384,5679.0
07.19(목),수원,한화,7,8,KT,2018,패,승,50,42,0.5434782608695652,5679.0
07.20(금),대구,한화,1,0,삼성,2018,승,패,50,43,0.5376344086021505,5914.0
07.21(토),대구,한화,3,4,삼성,2018,패,승,51,43,0.5425531914893617,5914.0
07.22(일),대구,한화,4,5,삼성,2018,패,승,52,43,0.5473684210526316,5914.0
07.24(화),대전,KIA,0,5,한화,2018,패,승,53,43,0.5520833333333334,6077.0
07.25(수),대전,KIA,11,3,한화,2018,승,패,53,44,0.5463917525773195,6077.0
07.26(목),대전,KIA,3,6,한화,2018,패,승,54,44,0.5510204081632653,6077.0
07.27(금),잠실,한화,16,7,두산,2018,승,패,54,45,0.5454545454545454,6249.0
07.28(토),잠실,한화,6,13,두산,2018,패,승,55,45,0.55,6249.0
07.29(일),잠실,한화,1,3,두산,2018,패,승,56,45,0.5544554455445545,6249.0
07.31(화),대전,KT,5,4,한화,2018,승,패,56,46,0.5490196078431373,6421.0
08.01(수),대전,KT,3,4,한화,2018,패,승,57,46,0.5533980582524272,6421.0
08.02(목),대전,KT,3,5,한화,2018,패,승,58,46,0.5576923076923077,6421.0
08.04(토),대전,NC,7,5,한화,2018,승,패,58,47,0.5523809523809524,6421.0
08.05(일),대전,NC,10,8,한화,2018,승,패,58,48,0.5471698113207547,6421.0
08.07(화),잠실,한화,4,6,두산,2018,패,승,59,48,0.5514018691588785,6593.0
08.08(수),잠실,한화,8,2,두산,2018,승,패,59,49,0.5462962962962963,6593.0
08.09(목),대전,키움,16,5,한화,2018,승,패,59,50,0.5412844036697247,6765.0
08.10(금),대전,키움,9,4,한화,2018,승,패,59,51,0.5363636363636364,6765.0
08.11(토),대전,KT,3,5,한화,2018,패,승,60,51,0.5405405405405406,6765.0
08.12(일),대전,KT,4,5,한화,2018,패,승,61,51,0.5446428571428571,6765.0
08.14(화),사직,한화,4,9,롯데,2018,패,승,62,51,0.5486725663716814,7025.0
08.16(목),대구,한화,2,5,삼성,2018,패,승,63,51,0.5526315789473685,7126.0
09.04(화),대전,롯데,4,6,한화,2018,패,승,64,51,0.5565217391304348,7289.0
09.05(수),대전,롯데,5,11,한화,2018,패,승,65,51,0.5603448275862069,7289.0
09.06(목),수원,한화,9,2,KT,2018,승,패,65,52,0.5555555555555556,7438.0
09.07(금),수원,한화,4,12,KT,2018,패,승,66,52,0.559322033898305,7438.0
09.08(토),잠실,한화,1,5,LG,2018,패,승,67,52,0.5630252100840336,7474.0
09.09(일),잠실,한화,5,8,LG,2018,패,승,68,52,0.5666666666666667,7474.0
09.11(화),대구,한화,8,7,삼성,2018,승,패,68,53,0.5619834710743802,7771.0
09.12(수),대구,한화,7,3,삼성,2018,승,패,68,54,0.5573770491803278,7771.0
09.13(목),대전,SSG,2,1,한화,2018,승,패,68,55,0.5528455284552846,7934.0
09.14(금),대전,SSG,7,5,한화,2018,승,패,68,56,0.5483870967741935,7934.0
09.15(토),대전,LG,12,4,한화,2018,승,패,68,57,0.544,7934.0
09.16(일),대전,LG,1,5,한화,2018,패,승,69,57,0.5476190476190477,7934.0
09.18(화),창원,한화,3,10,NC,2018,패,승,70,57,0.5511811023622047,8158.0
09.19(수),창원,한화,7,4,NC,2018,승,패,70,58,0.546875,8158.0
09.20(목),문학,한화,8,2,SSG,2018,승,패,70,59,0.5426356589147286,8544.0
09.21(금),문학,한화,4,5,SSG,2018,패,승,71,59,0.5461538461538461,8544.0
09.22(토),대전,KIA,11,5,한화,2018,승,패,71,60,0.5419847328244275,8700.0
09.23(일),대전,KIA,6,8,한화,2018,패,승,72,60,0.5454545454545454,8700.0
09.25(화),대전,삼성,8,1,한화,2018,승,패,72,61,0.5413533834586466,8700.0
09.26(수),대전,삼성,4,8,한화,2018,패,승,73,61,0.5447761194029851,8700.0
09.27(목),대전,두산,6,9,한화,2018,패,승,74,61,0.5481481481481482,8700.0
09.28(금),대전,두산,4,5,한화,2018,패,승,75,61,0.5514705882352942,8700.0
09.29(토),광주,한화,3,4,KIA,2018,패,승,76,61,0.5547445255474452,8887.0
09.30(일),광주,한화,4,6,KIA,2018,패,승,77,61,0.5579710144927537,8887.0
10.03(수),대전,롯데,6,7,한화,2018,패,승,78,61,0.5611510791366906,9074.0
10.04(목),대전,롯데,7,2,한화,2018,승,패,78,62,0.5571428571428572,9074.0
10.06(토),사직,한화,5,8,롯데,2018,패,승,79,62,0.5602836879432624,9334.0
10.09(화),수원,한화,10,6,KT,2018,승,패,79,63,0.5563380281690141,9713.0
10.10(수),광주,한화,1,6,KIA,2018,패,승,80,63,0.5594405594405595,9953.0
10.13(토),대전,NC,8,10,한화,2018,패,승,81,63,0.5625,10140.0
03.23(토),잠실,한화,4,5,두산,2019,패,승,1,0,1.0,0.0
03.24(일),잠실,한화,11,1,두산,2019,승,패,1,1,0.5,0.0
03.26(화),광주,한화,13,7,KIA,2019,승,패,1,2,0.3333333333333333,261.0
03.27(수),광주,한화,4,9,KIA,2019,패,승,2,2,0.5,261.0
03.28(목),광주,한화,4,6,KIA,2019,패,승,3,2,0.6,261.0
03.29(금),대전,NC,0,9,한화,2019,패,승,4,2,0.6666666666666666,448.0
03.30(토),대전,NC,5,13,한화,2019,패,승,5,2,0.7142857142857143,448.0
03.31(일),대전,NC,6,3,한화,2019,승,패,5,3,0.625,448.0
04.02(화),대전,LG,2,6,한화,2019,패,승,6,3,0.6666666666666666,448.0
04.03(수),대전,LG,7,0,한화,2019,승,패,6,4,0.6,448.0
04.04(목),대전,LG,1,2,한화,2019,패,승,7,4,0.6363636363636364,448.0
04.05(금),사직,한화,2,5,롯데,2019,패,승,8,4,0.6666666666666666,708.0
04.06(토),사직,한화,7,9,롯데,2019,패,승,9,4,0.6923076923076923,708.0
04.07(일),사직,한화,16,1,롯데,2019,승,패,9,5,0.6428571428571429,708.0
04.10(수),대전,SSG,8,3,한화,2019,승,패,9,6,0.6,968.0
04.11(목),대전,SSG,1,0,한화,2019,승,패,9,7,0.5625,968.0
04.12(금),고척,한화,3,5,키움,2019,패,승,10,7,0.5882352941176471,1156.0
04.13(토),고척,한화,3,5,키움,2019,패,승,11,7,0.6111111111111112,1156.0
04.14(일),고척,한화,3,2,키움,2019,승,패,11,8,0.5789473684210527,1156.0
04.16(화),수원,한화,2,4,KT,2019,패,승,12,8,0.6,1189.0
04.17(수),수원,한화,8,5,KT,2019,승,패,12,9,0.5714285714285714,1189.0
04.18(목),수원,한화,5,6,KT,2019,패,승,13,9,0.5909090909090909,1189.0
04.19(금),대전,삼성,3,4,한화,2019,패,승,14,9,0.6086956521739131,1338.0
04.20(토),대전,삼성,5,12,한화,2019,패,승,15,9,0.625,1338.0
04.21(일),대전,삼성,16,0,한화,2019,승,패,15,10,0.6,1338.0
04.24(수),대전,롯데,4,5,한화,2019,패,승,16,10,0.6153846153846154,1338.0
04.27(토),창원,한화,1,15,NC,2019,패,승,17,10,0.6296296296296297,1562.0
04.28(일),창원,한화,4,10,NC,2019,패,승,18,10,0.6428571428571429,1562.0
04.30(화),대전,두산,1,2,한화,2019,패,승,19,10,0.6551724137931034,1786.0
05.01(수),대전,두산,1,4,한화,2019,패,승,20,10,0.6666666666666666,1786.0
05.02(목),대전,두산,5,4,한화,2019,승,패,20,11,0.6451612903225806,1786.0
05.03(금),대전,KT,5,4,한화,2019,승,패,20,12,0.625,1786.0
05.04(토),대전,KT,9,10,한화,2019,패,승,21,12,0.6363636363636364,1786.0
05.05(일),대전,KT,4,6,한화,2019,패,승,22,12,0.6470588235294118,1786.0
05.07(화),문학,한화,2,11,SSG,2019,패,승,23,12,0.6571428571428571,1942.0
05.08(수),문학,한화,2,17,SSG,2019,패,승,24,12,0.6666666666666666,1942.0
05.09(목),문학,한화,6,1,SSG,2019,승,패,24,13,0.6486486486486487,1942.0
05.10(금),잠실,한화,5,2,LG,2019,승,패,24,14,0.631578947368421,1996.0
05.11(토),잠실,한화,4,6,LG,2019,패,승,25,14,0.6410256410256411,1996.0
05.12(일),잠실,한화,0,2,LG,2019,패,승,26,14,0.65,1996.0
05.14(화),대전,키움,3,7,한화,2019,패,승,27,14,0.6585365853658537,2168.0
05.15(수),대전,키움,4,5,한화,2019,패,승,28,14,0.6666666666666666,2168.0
05.16(목),대전,키움,6,15,한화,2019,패,승,29,14,0.6744186046511628,2168.0
05.17(금),대전,KIA,5,2,한화,2019,승,패,29,15,0.6590909090909091,2168.0
05.18(토),대전,KIA,2,5,한화,2019,패,승,30,15,0.6666666666666666,2168.0
05.19(일),대전,KIA,5,0,한화,2019,승,패,30,16,0.6521739130434783,2168.0
05.21(화),대구,한화,3,9,삼성,2019,패,승,31,16,0.6595744680851063,2331.0
05.22(수),대구,한화,5,6,삼성,2019,패,승,32,16,0.6666666666666666,2331.0
05.23(목),대구,한화,1,2,삼성,2019,패,승,33,16,0.673469387755102,2331.0
05.24(금),잠실,한화,4,3,두산,2019,승,패,33,17,0.66,2628.0
05.25(토),잠실,한화,4,7,두산,2019,패,승,34,17,0.6666666666666666,2628.0
05.26(일),잠실,한화,1,2,두산,2019,패,승,35,17,0.6730769230769231,2628.0
05.28(화),대전,KIA,0,2,한화,2019,패,승,36,17,0.6792452830188679,2800.0
05.29(수),대전,KIA,3,1,한화,2019,승,패,36,18,0.6666666666666666,2800.0
05.30(목),대전,KIA,3,2,한화,2019,승,패,36,19,0.6545454545454545,2800.0
05.31(금),문학,한화,1,2,SSG,2019,패,승,37,19,0.6607142857142857,2956.0
06.01(토),문학,한화,6,0,SSG,2019,승,패,37,20,0.6491228070175439,2956.0
06.02(일),문학,한화,2,5,SSG,2019,패,승,38,20,0.6551724137931034,2956.0
06.04(화),사직,한화,2,3,롯데,2019,패,승,39,20,0.6610169491525424,3373.0
06.05(수),사직,한화,6,3,롯데,2019,승,패,39,21,0.65,3373.0
06.06(목),사직,한화,4,3,롯데,2019,승,패,39,22,0.639344262295082,3373.0
06.07(금),대전,LG,2,3,한화,2019,패,승,40,22,0.6451612903225806,3633.0
06.08(토),대전,LG,3,2,한화,2019,승,패,40,23,0.6349206349206349,3633.0
06.09(일),대전,LG,3,1,한화,2019,승,패,40,24,0.625,3633.0
06.11(화),대전,두산,1,4,한화,2019,패,승,41,24,0.6307692307692307,3633.0
06.12(수),대전,두산,9,6,한화,2019,승,패,41,25,0.6212121212121212,3633.0
06.13(목),대전,두산,7,2,한화,2019,승,패,41,26,0.6119402985074627,3633.0
06.14(금),고척,한화,7,8,키움,2019,패,승,42,26,0.6176470588235294,3821.0
06.15(토),고척,한화,3,8,키움,2019,패,승,43,26,0.6231884057971014,3821.0
06.16(일),고척,한화,6,9,키움,2019,패,승,44,26,0.6285714285714286,3821.0
06.18(화),대전,롯데,11,3,한화,2019,승,패,44,27,0.6197183098591549,4009.0
06.19(수),대전,롯데,7,5,한화,2019,승,패,44,28,0.6111111111111112,4009.0
06.20(목),대전,롯데,7,10,한화,2019,패,승,45,28,0.6164383561643836,4009.0
06.21(금),대전,삼성,5,2,한화,2019,승,패,45,29,0.6081081081081081,4009.0
06.22(토),대전,삼성,0,5,한화,2019,패,승,46,29,0.6133333333333333,4009.0
06.23(일),대전,삼성,10,5,한화,2019,승,패,46,30,0.6052631578947368,4009.0
06.25(화),창원,한화,14,3,NC,2019,승,패,46,31,0.5974025974025974,4233.0
06.27(목),창원,한화,5,10,NC,2019,패,승,47,31,0.6025641025641025,4233.0
06.28(금),대전,키움,6,5,한화,2019,승,패,47,32,0.5949367088607594,4457.0
06.30(일),대전,키움,6,4,한화,2019,승,패,47,33,0.5875,4457.0
07.02(화),잠실,한화,2,9,LG,2019,패,승,48,33,0.5925925925925926,4629.0
07.03(수),잠실,한화,1,6,LG,2019,패,승,49,33,0.5975609756097561,4629.0
07.04(목),잠실,한화,3,4,LG,2019,패,승,50,33,0.6024096385542169,4629.0
07.05(금),대전,KT,10,3,한화,2019,승,패,50,34,0.5952380952380952,4801.0
07.06(토),대전,KT,8,9,한화,2019,패,승,51,34,0.6,4801.0
07.07(일),대전,KT,4,3,한화,2019,승,패,51,35,0.5930232558139535,4801.0
07.09(화),대전,SSG,0,1,한화,2019,패,승,52,35,0.5977011494252874,4801.0
07.11(목),대전,SSG,5,1,한화,2019,승,패,52,36,0.5909090909090909,4801.0
07.12(금),광주,한화,0,5,KIA,2019,패,승,53,36,0.5955056179775281,4988.0
07.13(토),광주,한화,10,5,KIA,2019,승,패,53,37,0.5888888888888889,4988.0
07.14(일),광주,한화,7,10,KIA,2019,패,승,54,37,0.5934065934065934,4988.0
07.16(화),대전,NC,3,2,한화,2019,승,패,54,38,0.5869565217391305,5175.0
07.17(수),대전,NC,14,1,한화,2019,승,패,54,39,0.5806451612903226,5175.0
07.18(목),대전,NC,7,4,한화,2019,승,패,54,40,0.574468085106383,5175.0
07.26(금),대구,한화,8,9,삼성,2019,패,승,55,40,0.5789473684210527,5338.0
07.27(토),대구,한화,6,7,삼성,2019,패,승,56,40,0.5833333333333334,5338.0
07.28(일),대구,한화,6,13,삼성,2019,패,승,57,40,0.5876288659793815,5338.0
07.30(화),수원,한화,2,3,KT,2019,패,승,58,40,0.5918367346938775,5573.0
07.31(수),수원,한화,5,2,KT,2019,승,패,58,41,0.5858585858585859,5573.0
08.01(목),수원,한화,3,1,KT,2019,승,패,58,42,0.58,5573.0
08.03(토),대전,SSG,3,0,한화,2019,승,패,58,43,0.5742574257425742,5722.0
08.04(일),대전,SSG,2,8,한화,2019,패,승,59,43,0.5784313725490197,5722.0
08.06(화),잠실,한화,3,8,두산,2019,패,승,60,43,0.5825242718446602,5894.0
08.07(수),잠실,한화,7,5,두산,2019,승,패,60,44,0.5769230769230769,5894.0
08.08(목),광주,한화,2,5,KIA,2019,패,승,61,44,0.580952380952381,6155.0
08.09(금),광주,한화,4,10,KIA,2019,패,승,62,44,0.5849056603773585,6155.0
08.10(토),수원,한화,4,5,KT,2019,패,승,63,44,0.5887850467289719,6395.0
08.11(일),수원,한화,6,4,KT,2019,승,패,63,45,0.5833333333333334,6395.0
08.13(화),대전,NC,10,2,한화,2019,승,패,63,46,0.5779816513761468,6544.0
08.14(수),대전,NC,3,9,한화,2019,패,승,64,46,0.5818181818181818,6544.0
08.15(목),사직,한화,5,11,롯데,2019,패,승,65,46,0.5855855855855856,6804.0
08.16(금),사직,한화,2,1,롯데,2019,승,패,65,47,0.5803571428571429,6804.0
08.17(토),고척,한화,8,4,키움,2019,승,패,65,48,0.5752212389380531,7218.0
08.18(일),고척,한화,5,4,키움,2019,승,패,65,49,0.5701754385964912,7218.0
08.20(화),대전,삼성,5,0,한화,2019,승,패,65,50,0.5652173913043478,7406.0
08.22(목),문학,한화,6,8,SSG,2019,패,승,66,50,0.5689655172413793,7562.0
08.23(금),문학,한화,2,6,SSG,2019,패,승,67,50,0.5726495726495726,7562.0
08.24(토),대전,두산,13,3,한화,2019,승,패,67,51,0.5677966101694916,7718.0
08.25(일),대전,두산,3,2,한화,2019,승,패,67,52,0.5630252100840336,7718.0
08.27(화),대전,키움,15,0,한화,2019,승,패,67,53,0.5583333333333333,7718.0
08.28(수),대전,키움,1,2,한화,2019,패,승,68,53,0.5619834710743802,7718.0
08.30(금),잠실,한화,1,0,LG,2019,승,패,68,54,0.5573770491803278,7890.0
08.31(토),대전,KT,6,1,한화,2019,승,패,68,55,0.5528455284552846,8062.0
09.01(일),대전,KT,1,6,한화,2019,패,승,69,55,0.5564516129032258,8062.0
09.03(화),대전,KIA,6,5,한화,2019,승,패,69,56,0.552,8062.0
09.04(수),대전,KIA,1,0,한화,2019,승,패,69,57,0.5476190476190477,8062.0
09.05(목),창원,한화,3,0,NC,2019,승,패,69,58,0.5433070866141733,8286.0
09.06(금),창원,한화,0,4,NC,2019,패,승,70,58,0.546875,8286.0
09.07(토),대전,롯데,1,5,한화,2019,패,승,71,58,0.5503875968992248,8510.0
09.08(일),대전,롯데,12,0,한화,2019,승,패,71,59,0.5461538461538461,8510.0
09.10(화),대전,LG,5,2,한화,2019,승,패,71,60,0.5419847328244275,8510.0
09.11(수),대전,LG,5,9,한화,2019,패,승,72,60,0.5454545454545454,8510.0
09.13(금),대구,한화,5,4,삼성,2019,승,패,72,61,0.5413533834586466,8673.0
09.14(토),대전,롯데,2,5,한화,2019,패,승,73,61,0.5447761194029851,8836.0
09.15(일),대전,롯데,7,1,한화,2019,승,패,73,62,0.5407407407407407,8836.0
09.16(월),대구,한화,11,1,삼성,2019,승,패,73,63,0.5367647058823529,8999.0
09.17(화),대전,키움,0,1,한화,2019,패,승,74,63,0.5401459854014599,9162.0
09.20(금),대전,삼성,3,5,한화,2019,패,승,75,63,0.5434782608695652,9162.0
09.23(월),잠실,한화,9,1,LG,2019,승,패,75,64,0.539568345323741,9334.0
09.25(수),창원,한화,3,2,NC,2019,승,패,75,65,0.5357142857142857,9697.0
09.26(목),창원,한화,4,2,NC,2019,승,패,75,66,0.5319148936170213,9697.0
09.28(토),잠실,한화,6,7,두산,2019,패,승,76,66,0.5352112676056338,10060.0
09.29(일),대전,SSG,2,0,한화,2019,승,패,76,67,0.5314685314685315,10232.0
09.30(월),대전,SSG,6,2,한화,2019,승,패,76,68,0.5277777777777778,10232.0
05.05(화),문학,한화,3,0,SSG,2020,승,패,0,1,0.0,0.0
05.06(수),문학,한화,2,5,SSG,2020,패,승,1,1,0.5,0.0
05.07(목),문학,한화,8,4,SSG,2020,승,패,1,2,0.3333333333333333,0.0
05.08(금),고척,한화,3,5,키움,2020,패,승,2,2,0.5,24.0
05.09(토),고척,한화,3,5,키움,2020,패,승,3,2,0.6,24.0
05.10(일),고척,한화,3,6,키움,2020,패,승,4,2,0.6666666666666666,24.0
05.12(화),대전,KIA,2,1,한화,2020,승,패,4,3,0.5714285714285714,212.0
05.13(수),대전,KIA,4,3,한화,2020,승,패,4,4,0.5,212.0
05.14(목),대전,KIA,1,4,한화,2020,패,승,5,4,0.5555555555555556,212.0
05.15(금),대전,롯데,1,2,한화,2020,패,승,6,4,0.6,212.0
05.16(토),대전,롯데,5,1,한화,2020,승,패,6,5,0.5454545454545454,212.0
05.17(일),대전,롯데,4,5,한화,2020,패,승,7,5,0.5833333333333334,212.0
05.19(화),수원,한화,11,13,KT,2020,패,승,8,5,0.6153846153846154,361.0
05.20(수),수원,한화,1,8,KT,2020,패,승,9,5,0.6428571428571429,361.0
05.21(목),수원,한화,9,4,KT,2020,승,패,9,6,0.6,361.0
05.22(금),창원,한화,5,3,NC,2020,승,패,9,7,0.5625,706.0
05.23(토),창원,한화,0,3,NC,2020,패,승,10,7,0.5882352941176471,706.0
05.24(일),창원,한화,5,10,NC,2020,패,승,11,7,0.6111111111111112,706.0
05.26(화),대전,LG,3,0,한화,2020,승,패,11,8,0.5789473684210527,930.0
05.27(수),대전,LG,15,4,한화,2020,승,패,11,9,0.55,930.0
05.28(목),대전,LG,3,0,한화,2020,승,패,11,10,0.5238095238095238,930.0
05.29(금),문학,한화,6,8,SSG,2020,패,승,12,10,0.5454545454545454,1086.0
05.30(토),문학,한화,3,9,SSG,2020,패,승,13,10,0.5652173913043478,1086.0
05.31(일),문학,한화,4,6,SSG,2020,패,승,14,10,0.5833333333333334,1086.0
06.02(화),대전,키움,15,3,한화,2020,승,패,14,11,0.56,1242.0
06.03(수),대전,키움,6,2,한화,2020,승,패,14,12,0.5384615384615384,1242.0
06.04(목),대전,키움,7,3,한화,2020,승,패,14,13,0.5185185185185185,1242.0
06.05(금),대전,NC,13,2,한화,2020,승,패,14,14,0.5,1242.0
06.06(토),대전,NC,14,2,한화,2020,승,패,14,15,0.4827586206896552,1242.0
06.07(일),대전,NC,8,2,한화,2020,승,패,14,16,0.4666666666666667,1242.0
06.09(화),사직,한화,3,9,롯데,2020,패,승,15,16,0.4838709677419355,1502.0
06.10(수),사직,한화,2,12,롯데,2020,패,승,16,16,0.5,1502.0
06.11(목),사직,한화,0,5,롯데,2020,패,승,17,16,0.5151515151515151,1502.0
06.12(금),대전,두산,5,2,한화,2020,승,패,17,17,0.5,1762.0
06.13(토),대전,두산,6,7,한화,2020,패,승,18,17,0.5142857142857142,1762.0
06.14(일),대전,두산,2,3,한화,2020,패,승,19,17,0.5277777777777778,1762.0
06.16(화),대전,LG,9,5,한화,2020,승,패,19,18,0.5135135135135135,1762.0
06.17(수),대전,LG,7,1,한화,2020,승,패,19,19,0.5,1762.0
06.18(목),대전,LG,9,7,한화,2020,승,패,19,20,0.4871794871794871,1762.0
06.19(금),창원,한화,1,3,NC,2020,패,승,20,20,0.5,1986.0
06.20(토),창원,한화,4,3,NC,2020,승,패,20,21,0.4878048780487805,1986.0
06.21(일),창원,한화,7,9,NC,2020,패,승,21,21,0.5,1986.0
06.23(화),대구,한화,4,11,삼성,2020,패,승,22,21,0.5116279069767442,2089.0
06.24(수),대구,한화,2,3,삼성,2020,패,승,23,21,0.5227272727272727,2089.0
06.25(목),대구,한화,9,2,삼성,2020,승,패,23,22,0.5111111111111111,2089.0
06.26(금),대전,KT,4,7,한화,2020,패,승,24,22,0.5217391304347826,2252.0
06.27(토),대전,KT,7,2,한화,2020,승,패,24,23,0.5106382978723404,2252.0
06.28(일),대전,KT,8,4,한화,2020,승,패,24,24,0.5,2252.0
07.01(수),광주,한화,3,4,KIA,2020,패,승,25,24,0.5102040816326531,2439.0
07.02(목),광주,한화,1,7,KIA,2020,패,승,26,24,0.52,2439.0
07.03(금),잠실,한화,1,2,두산,2020,패,승,27,24,0.5294117647058824,2700.0
07.04(토),잠실,한화,6,2,두산,2020,승,패,27,25,0.5192307692307693,2700.0
07.05(일),잠실,한화,4,7,두산,2020,패,승,28,25,0.5283018867924528,2700.0
07.07(화),대전,롯데,6,7,한화,2020,패,승,29,25,0.5370370370370371,2872.0
07.08(수),대전,롯데,6,2,한화,2020,승,패,29,26,0.5272727272727272,2872.0
07.09(목),대전,롯데,5,3,한화,2020,승,패,29,27,0.5178571428571429,2872.0
07.10(금),대전,SSG,5,6,한화,2020,패,승,30,27,0.5263157894736842,2872.0
07.11(토),대전,SSG,5,3,한화,2020,승,패,30,28,0.5172413793103449,2872.0
07.13(월),대전,SSG,2,4,한화,2020,패,승,31,28,0.5254237288135594,2872.0
07.14(화),수원,한화,2,7,KT,2020,패,승,32,28,0.5333333333333333,3021.0
07.15(수),수원,한화,7,3,KT,2020,승,패,32,29,0.5245901639344263,3021.0
07.16(목),수원,한화,1,4,KT,2020,패,승,33,29,0.532258064516129,3021.0
07.17(금),잠실,한화,0,8,LG,2020,패,승,34,29,0.5396825396825397,3057.0
07.18(토),잠실,한화,1,3,LG,2020,패,승,35,29,0.546875,3057.0
07.19(일),잠실,한화,2,6,LG,2020,패,승,36,29,0.5538461538461539,3057.0
07.21(화),대전,KIA,10,2,한화,2020,승,패,36,30,0.5454545454545454,3229.0
07.22(수),대전,KIA,2,1,한화,2020,승,패,36,31,0.5373134328358209,3229.0
07.24(금),대전,SSG,7,4,한화,2020,승,패,36,32,0.5294117647058824,3229.0
07.26(일),대전,SSG,7,4,한화,2020,승,패,36,33,0.5217391304347826,3229.0
07.27(월),대전,SSG,5,5,한화,2020,무,무,36,34,0.5142857142857142,3229.0
07.29(수),대구,한화,12,7,삼성,2020,승,패,36,35,0.5070422535211268,3392.0
07.30(목),대구,한화,1,2,삼성,2020,패,승,37,35,0.5138888888888888,3392.0
07.31(금),잠실,한화,2,1,LG,2020,승,패,37,36,0.5068493150684932,3689.0
08.01(토),잠실,한화,6,9,LG,2020,패,승,38,36,0.5135135135135135,3689.0
08.05(수),대전,NC,5,8,한화,2020,패,승,39,36,0.52,3861.0
08.06(목),대전,NC,4,1,한화,2020,승,패,39,37,0.5131578947368421,3861.0
08.09(일),대전,KT,6,3,한화,2020,승,패,39,38,0.5064935064935064,3861.0
08.11(화),고척,한화,7,5,키움,2020,승,패,39,39,0.5,4049.0
08.12(수),고척,한화,2,3,키움,2020,패,승,40,39,0.5063291139240507,4049.0
08.13(목),고척,한화,3,6,키움,2020,패,승,41,39,0.5125,4049.0
08.14(금),대전,삼성,10,1,한화,2020,승,패,41,40,0.5061728395061729,4237.0
08.15(토),대전,삼성,2,0,한화,2020,승,패,41,41,0.5,4237.0
08.16(일),대전,삼성,2,3,한화,2020,패,승,42,41,0.5060240963855421,4237.0
08.18(화),문학,한화,3,9,SSG,2020,패,승,43,41,0.5119047619047619,4393.0
08.19(수),문학,한화,6,26,SSG,2020,패,승,44,41,0.5176470588235295,4393.0
08.20(목),대전,KT,3,0,한화,2020,승,패,44,42,0.5116279069767442,4549.0
08.21(금),대전,KT,1,5,한화,2020,패,승,45,42,0.5172413793103449,4549.0
08.23(일),잠실,한화,4,3,LG,2020,승,패,45,43,0.5113636363636364,4721.0
08.24(월),잠실,한화,6,3,LG,2020,승,패,45,44,0.5056179775280899,4721.0
08.25(화),창원,한화,3,11,NC,2020,패,승,46,44,0.5111111111111111,5084.0
08.26(수),창원,한화,5,9,NC,2020,패,승,47,44,0.5164835164835165,5084.0
08.27(목),대전,삼성,0,7,한화,2020,패,승,48,44,0.5217391304347826,5308.0
08.29(토),사직,한화,7,9,롯데,2020,패,승,49,44,0.5268817204301075,5568.0
08.30(일),사직,한화,2,6,롯데,2020,패,승,50,44,0.5319148936170213,5568.0
09.01(화),잠실,한화,0,4,두산,2020,패,승,51,44,0.5368421052631579,5968.0
09.03(목),대전,키움,6,5,한화,2020,승,패,51,45,0.53125,6140.0
09.04(금),대전,키움,1,7,한화,2020,패,승,52,45,0.5360824742268041,6140.0
09.05(토),대전,KIA,5,4,한화,2020,승,패,52,46,0.5306122448979592,6140.0
09.06(일),대전,KIA,8,4,한화,2020,승,패,52,47,0.5252525252525253,6140.0
09.08(화),대구,한화,4,2,삼성,2020,승,패,52,48,0.52,6303.0
09.09(수),대구,한화,4,4,삼성,2020,무,무,52,49,0.5148514851485149,6303.0
09.09(수),대구,한화,7,0,삼성,2020,승,패,52,50,0.5098039215686274,6303.0
09.10(목),대전,SSG,5,1,한화,2020,승,패,52,51,0.5048543689320388,6466.0
09.11(금),대전,SSG,4,3,한화,2020,승,패,52,52,0.5,6466.0
09.12(토),수원,한화,2,5,KT,2020,패,승,53,52,0.5047619047619047,6615.0
09.13(일),수원,한화,4,5,KT,2020,패,승,54,52,0.5094339622641509,6615.0
09.15(화),대전,LG,5,6,한화,2020,패,승,55,52,0.514018691588785,6764.0
09.16(수),대전,LG,11,5,한화,2020,승,패,55,53,0.5092592592592593,6764.0
09.17(목),고척,한화,2,5,키움,2020,패,승,56,53,0.5137614678899083,6952.0
09.18(금),고척,한화,2,0,키움,2020,승,패,56,54,0.509090909090909,6952.0
09.19(토),광주,한화,0,8,KIA,2020,패,승,57,54,0.5135135135135135,7265.0
09.20(일),광주,한화,11,3,KIA,2020,승,패,57,55,0.5089285714285714,7265.0
09.22(화),대전,두산,1,5,한화,2020,패,승,58,55,0.5132743362831859,7452.0
09.23(수),대전,두산,5,6,한화,2020,패,승,59,55,0.5175438596491229,7452.0
09.24(목),대전,롯데,4,7,한화,2020,패,승,60,55,0.5217391304347826,7452.0
09.25(금),대전,롯데,5,6,한화,2020,패,승,61,55,0.5258620689655172,7452.0
09.26(토),대전,NC,13,1,한화,2020,승,패,61,56,0.5213675213675214,7452.0
09.27(일),대전,NC,5,4,한화,2020,승,패,61,57,0.5169491525423728,7452.0
09.29(화),대전,두산,7,3,한화,2020,승,패,61,58,0.5126050420168067,7452.0
09.30(수),대전,두산,0,10,한화,2020,패,승,62,58,0.5166666666666667,7452.0
10.01(목),대전,두산,4,12,한화,2020,패,승,63,58,0.5206611570247934,7452.0
10.02(금),사직,한화,1,4,롯데,2020,패,승,64,58,0.5245901639344263,7712.0
10.03(토),사직,한화,0,10,롯데,2020,패,승,65,58,0.5284552845528455,7712.0
10.04(일),사직,한화,5,14,롯데,2020,패,승,66,58,0.532258064516129,7712.0
10.06(화),광주,한화,3,2,KIA,2020,승,패,66,59,0.528,7974.0
10.07(수),광주,한화,4,6,KIA,2020,패,승,67,59,0.5317460317460317,7974.0
10.07(수),광주,한화,5,0,KIA,2020,승,패,67,60,0.5275590551181102,7974.0
10.08(목),광주,한화,13,6,KIA,2020,승,패,67,61,0.5234375,7974.0
10.09(금),대전,키움,6,7,한화,2020,패,승,68,61,0.5271317829457365,8161.0
10.10(토),대전,키움,3,0,한화,2020,승,패,68,62,0.5230769230769231,8161.0
10.11(일),대전,키움,3,9,한화,2020,패,승,69,62,0.5267175572519084,8161.0
10.13(화),잠실,한화,0,5,두산,2020,패,승,70,62,0.5303030303030303,8333.0
10.14(수),잠실,한화,1,2,두산,2020,패,승,71,62,0.5338345864661654,8333.0
10.15(목),잠실,한화,3,16,두산,2020,패,승,72,62,0.5373134328358209,8333.0
10.16(금),대전,삼성,6,2,한화,2020,승,패,72,63,0.5333333333333333,8505.0
10.17(토),대전,삼성,4,4,한화,2020,무,무,72,64,0.5294117647058824,8505.0
10.17(토),대전,삼성,4,2,한화,2020,승,패,72,65,0.5255474452554745,8505.0
10.18(일),대전,삼성,5,4,한화,2020,승,패,72,66,0.5217391304347826,8505.0
10.22(목),대전,KIA,10,4,한화,2020,승,패,72,67,0.5179856115107914,8505.0
10.23(금),대전,NC,6,11,한화,2020,패,승,73,67,0.5214285714285715,8505.0
10.27(화),잠실,한화,0,3,두산,2020,패,승,74,67,0.524822695035461,8677.0
10.28(수),잠실,한화,7,6,LG,2020,승,패,74,68,0.5211267605633803,8677.0
10.29(목),대전,KT,12,1,한화,2020,승,패,74,69,0.5174825174825175,8849.0
10.30(금),대전,KT,3,4,한화,2020,패,승,75,69,0.5208333333333334,8849.0
04.04(일),수원,한화,2,3,KT,2021,패,승,1,0,1.0,0.0
04.06(화),문학,한화,1,2,SSG,2021,패,승,2,0,1.0,43.0
04.07(수),문학,한화,17,0,SSG,2021,승,패,2,1,0.6666666666666666,43.0
04.08(목),문학,한화,4,6,SSG,2021,패,승,3,1,0.75,43.0
04.09(금),대전,두산,0,7,한화,2021,패,승,4,1,0.8,199.0
04.10(토),대전,두산,18,1,한화,2021,승,패,4,2,0.6666666666666666,199.0
04.11(일),대전,두산,2,3,한화,2021,패,승,5,2,0.7142857142857143,199.0
04.13(화),대구,한화,3,4,삼성,2021,패,승,6,2,0.75,362.0
04.14(수),대구,한화,6,2,삼성,2021,승,패,6,3,0.6666666666666666,362.0
04.15(목),대구,한화,0,4,삼성,2021,패,승,7,3,0.7,362.0
04.16(금),창원,한화,1,9,NC,2021,패,승,8,3,0.7272727272727273,465.0
04.17(토),창원,한화,4,14,NC,2021,패,승,9,3,0.75,465.0
04.18(일),창원,한화,11,3,NC,2021,승,패,9,4,0.6923076923076923,465.0
04.20(화),대전,키움,3,7,한화,2021,패,승,10,4,0.7142857142857143,689.0
04.21(수),대전,키움,3,4,한화,2021,패,승,11,4,0.7333333333333333,689.0
04.22(목),대전,키움,8,3,한화,2021,승,패,11,5,0.6875,689.0
04.23(금),대전,LG,2,1,한화,2021,승,패,11,6,0.6470588235294118,689.0
04.24(토),대전,LG,5,19,한화,2021,패,승,12,6,0.6666666666666666,689.0
04.25(일),대전,LG,8,0,한화,2021,승,패,12,7,0.631578947368421,689.0
04.27(화),광주,한화,3,4,KIA,2021,패,승,13,7,0.65,876.0
04.28(수),광주,한화,0,4,KIA,2021,패,승,14,7,0.6666666666666666,876.0
04.29(목),광주,한화,2,3,KIA,2021,패,승,15,7,0.6818181818181818,876.0
04.30(금),사직,한화,11,7,롯데,2021,승,패,15,8,0.6521739130434783,1138.0
05.01(토),사직,한화,11,3,롯데,2021,승,패,15,9,0.625,1138.0
05.02(일),사직,한화,5,4,롯데,2021,승,패,15,10,0.6,1138.0
05.05(수),대전,삼성,4,1,한화,2021,승,패,15,11,0.5769230769230769,1398.0
05.06(목),대전,삼성,5,6,한화,2021,패,승,16,11,0.5925925925925926,1398.0
05.08(토),잠실,한화,2,11,LG,2021,패,승,17,11,0.6071428571428571,1570.0
05.09(일),잠실,한화,1,11,LG,2021,패,승,18,11,0.6206896551724138,1570.0
05.09(일),잠실,한화,5,4,LG,2021,승,패,18,12,0.6,1570.0
05.11(화),대전,NC,7,2,한화,2021,승,패,18,13,0.5806451612903226,1742.0
05.12(수),대전,NC,6,3,한화,2021,승,패,18,14,0.5625,1742.0
05.13(목),대전,NC,4,2,한화,2021,승,패,18,15,0.5454545454545454,1742.0
05.14(금),고척,한화,6,1,키움,2021,승,패,18,16,0.5294117647058824,1930.0
05.15(토),고척,한화,1,15,키움,2021,패,승,19,16,0.5428571428571428,1930.0
05.16(일),고척,한화,1,5,키움,2021,패,승,20,16,0.5555555555555556,1930.0
05.18(화),대전,롯데,4,3,한화,2021,승,패,20,17,0.5405405405405406,2118.0
05.19(수),대전,롯데,2,12,한화,2021,패,승,21,17,0.5526315789473685,2118.0
05.21(금),대전,KT,0,4,한화,2021,패,승,22,17,0.5641025641025641,2118.0
05.22(토),대전,KT,0,5,한화,2021,패,승,23,17,0.575,2118.0
05.23(일),대전,KT,8,1,한화,2021,승,패,23,18,0.5609756097560976,2118.0
05.26(수),잠실,한화,3,9,두산,2021,패,승,24,18,0.5714285714285714,2290.0
05.27(목),잠실,한화,3,0,두산,2021,승,패,24,19,0.5581395348837209,2290.0
05.28(금),대전,SSG,12,3,한화,2021,승,패,24,20,0.5454545454545454,2462.0
05.29(토),대전,SSG,6,2,한화,2021,승,패,24,21,0.5333333333333333,2462.0
05.30(일),대전,SSG,5,1,한화,2021,승,패,24,22,0.5217391304347826,2462.0
06.01(화),대전,KIA,1,9,한화,2021,패,승,25,22,0.5319148936170213,2462.0
06.02(수),대전,KIA,5,3,한화,2021,승,패,25,23,0.5208333333333334,2462.0
06.04(금),창원,한화,3,6,NC,2021,패,승,26,23,0.5306122448979592,2686.0
06.05(토),창원,한화,1,6,NC,2021,패,승,27,23,0.54,2686.0
06.06(일),창원,한화,13,10,NC,2021,승,패,27,24,0.5294117647058824,2686.0
06.08(화),대전,키움,2,4,한화,2021,패,승,28,24,0.5384615384615384,2910.0
06.09(수),대전,키움,6,2,한화,2021,승,패,28,25,0.5283018867924528,2910.0
06.10(목),대전,키움,0,1,한화,2021,패,승,29,25,0.5370370370370371,2910.0
06.11(금),수원,한화,5,6,KT,2021,패,승,30,25,0.5454545454545454,3059.0
06.12(토),수원,한화,2,7,KT,2021,패,승,31,25,0.5535714285714286,3059.0
06.13(일),수원,한화,3,6,KT,2021,패,승,32,25,0.5614035087719298,3059.0
06.15(화),대전,롯데,2,3,한화,2021,패,승,33,25,0.5689655172413793,3208.0
06.16(수),대전,롯데,4,9,한화,2021,패,승,34,25,0.576271186440678,3208.0
06.16(수),대전,롯데,3,4,한화,2021,패,승,35,25,0.5833333333333334,3208.0
06.17(목),대전,롯데,9,2,한화,2021,승,패,35,26,0.5737704918032787,3208.0
06.18(금),대전,SSG,3,4,한화,2021,패,승,36,26,0.5806451612903226,3208.0
06.19(토),대전,SSG,7,5,한화,2021,승,패,36,27,0.5714285714285714,3208.0
06.20(일),대전,SSG,4,3,한화,2021,승,패,36,28,0.5625,3208.0
06.22(화),대구,한화,0,9,삼성,2021,패,승,37,28,0.5692307692307692,3371.0
06.23(수),대구,한화,0,3,삼성,2021,패,승,38,28,0.5757575757575758,3371.0
06.24(목),대구,한화,2,3,삼성,2021,패,승,39,28,0.582089552238806,3371.0
06.25(금),대전,KT,2,0,한화,2021,승,패,39,29,0.5735294117647058,3534.0
06.26(토),대전,KT,11,2,한화,2021,승,패,39,30,0.5652173913043478,3534.0
06.27(일),대전,KT,11,1,한화,2021,승,패,39,31,0.5571428571428572,3534.0
06.30(수),대전,두산,8,6,한화,2021,승,패,39,32,0.5492957746478874,3534.0
07.01(목),대전,두산,10,3,한화,2021,승,패,39,33,0.5416666666666666,3534.0
07.02(금),잠실,한화,5,3,LG,2021,승,패,39,34,0.5342465753424658,3706.0
07.04(일),잠실,한화,0,5,LG,2021,패,승,40,34,0.5405405405405406,3706.0
07.05(월),잠실,한화,6,7,LG,2021,패,승,41,34,0.5466666666666666,3706.0
07.07(수),대전,KIA,4,1,한화,2021,승,패,41,35,0.5394736842105263,3878.0
07.09(금),문학,한화,9,3,SSG,2021,승,패,41,36,0.5324675324675324,4034.0
07.10(토),문학,한화,3,1,SSG,2021,승,패,41,37,0.5256410256410257,4034.0
07.11(일),문학,한화,2,8,SSG,2021,패,승,42,37,0.5316455696202531,4034.0
08.10(화),광주,한화,1,4,KIA,2021,패,승,43,37,0.5375,4303.0
08.11(수),광주,한화,7,7,KIA,2021,무,무,43,38,0.5308641975308642,4303.0
08.13(금),대전,NC,5,1,한화,2021,승,패,43,39,0.524390243902439,4490.0
08.14(토),대전,NC,9,9,한화,2021,무,무,43,40,0.5180722891566265,4490.0
08.15(일),대전,NC,3,3,한화,2021,무,무,43,41,0.5119047619047619,4490.0
08.17(화),대전,삼성,2,4,한화,2021,패,승,44,41,0.5176470588235295,4490.0
08.18(수),대전,삼성,6,2,한화,2021,승,패,44,42,0.5116279069767442,4490.0
08.19(목),대전,삼성,11,3,한화,2021,승,패,44,43,0.5057471264367817,4490.0
08.20(금),잠실,한화,1,9,두산,2021,패,승,45,43,0.5113636363636364,4662.0
08.21(토),잠실,한화,3,1,두산,2021,승,패,45,44,0.5056179775280899,4662.0
08.22(일),잠실,한화,11,3,두산,2021,승,패,45,45,0.5,4662.0
08.24(화),잠실,한화,8,11,두산,2021,패,승,46,45,0.5054945054945055,4662.0
08.25(수),고척,한화,7,2,키움,2021,승,패,46,46,0.5,4693.0
08.26(목),고척,한화,4,4,키움,2021,무,무,46,47,0.4946236559139785,4693.0
08.27(금),고척,한화,3,4,키움,2021,패,승,47,47,0.5,4693.0
08.28(토),대전,NC,1,9,한화,2021,패,승,48,47,0.5052631578947369,4881.0
08.29(일),대전,NC,2,3,한화,2021,패,승,49,47,0.5104166666666666,4881.0
08.31(화),대전,KT,2,5,한화,2021,패,승,50,47,0.5154639175257731,4881.0
09.01(수),대전,KT,8,3,한화,2021,승,패,50,48,0.5102040816326531,4881.0
09.03(금),사직,한화,3,6,롯데,2021,패,승,51,48,0.5151515151515151,5141.0
09.03(금),사직,한화,0,2,롯데,2021,패,승,52,48,0.52,5141.0
09.04(토),대전,KIA,2,6,한화,2021,패,승,53,48,0.5247524752475248,5401.0
09.05(일),대전,KIA,5,5,한화,2021,무,무,53,49,0.5196078431372549,5401.0
09.07(화),창원,한화,4,16,NC,2021,패,승,54,49,0.5242718446601942,5625.0
09.08(수),창원,한화,3,1,NC,2021,승,패,54,50,0.5192307692307693,5625.0
09.09(목),잠실,한화,1,8,LG,2021,패,승,55,50,0.5238095238095238,5988.0
09.10(금),잠실,한화,0,2,LG,2021,패,승,56,50,0.5283018867924528,5988.0
09.11(토),대전,삼성,5,4,한화,2021,승,패,56,51,0.5233644859813084,6160.0
09.12(일),대전,삼성,3,3,한화,2021,무,무,56,52,0.5185185185185185,6160.0
09.12(일),대전,삼성,6,6,한화,2021,무,무,56,53,0.5137614678899083,6160.0
09.14(화),문학,한화,11,5,SSG,2021,승,패,56,54,0.509090909090909,6316.0
09.15(수),문학,한화,6,9,SSG,2021,패,승,57,54,0.5135135135135135,6316.0
09.16(목),고척,한화,8,8,키움,2021,무,무,57,55,0.5089285714285714,6340.0
09.17(금),고척,한화,15,5,키움,2021,승,패,57,56,0.504424778761062,6340.0
09.18(토),대전,롯데,2,13,한화,2021,패,승,58,56,0.5087719298245614,6528.0
09.19(일),대전,롯데,3,1,한화,2021,승,패,58,57,0.5043478260869565,6528.0
09.21(화),대전,LG,6,15,한화,2021,패,승,59,57,0.5086206896551724,6528.0
09.22(수),대전,LG,12,3,한화,2021,승,패,59,58,0.5042735042735043,6528.0
09.23(목),수원,한화,1,3,KT,2021,패,승,60,58,0.5084745762711864,6677.0
09.24(금),수원,한화,4,1,KT,2021,승,패,60,59,0.5042016806722689,6677.0
09.25(토),잠실,한화,5,1,두산,2021,승,패,60,60,0.5,6713.0
09.26(일),잠실,한화,3,5,두산,2021,패,승,61,60,0.5041322314049587,6713.0
09.28(화),대전,키움,1,1,한화,2021,무,무,61,61,0.5,6885.0
09.30(목),대구,한화,2,6,삼성,2021,패,승,62,61,0.5040650406504065,7048.0
10.01(금),대구,한화,8,2,삼성,2021,승,패,62,62,0.5,7048.0
10.02(토),광주,한화,4,4,KIA,2021,무,무,62,63,0.496,7286.0
10.03(일),광주,한화,6,9,KIA,2021,패,승,63,63,0.5,7286.0
10.05(화),대전,두산,3,4,한화,2021,패,승,64,63,0.5039370078740157,7473.0
10.06(수),대전,두산,4,3,한화,2021,승,패,64,64,0.5,7473.0
10.07(목),대전,SSG,3,4,한화,2021,패,승,65,64,0.5038759689922481,7473.0
10.08(금),대전,SSG,7,3,한화,2021,승,패,65,65,0.5,7473.0
10.09(토),대전,KIA,6,4,한화,2021,승,패,65,66,0.4961832061068702,7473.0
10.10(일),대전,KIA,3,1,한화,2021,승,패,65,67,0.4924242424242424,7473.0
10.10(일),대전,KIA,5,0,한화,2021,승,패,65,68,0.4887218045112781,7473.0
10.16(토),수원,한화,2,11,KT,2021,패,승,66,68,0.4925373134328358,7622.0
10.17(일),수원,한화,2,1,KT,2021,승,패,66,69,0.4888888888888889,7622.0
10.21(목),광주,한화,13,2,KIA,2021,승,패,66,70,0.4852941176470588,7862.0
10.22(금),사직,한화,0,1,롯데,2021,패,승,67,70,0.4890510948905109,8124.0
10.23(토),사직,한화,15,15,롯데,2021,무,무,67,71,0.4855072463768116,8124.0
10.24(일),사직,한화,2,3,롯데,2021,패,승,68,71,0.4892086330935252,8124.0
10.25(월),대전,키움,9,4,한화,2021,승,패,68,72,0.4857142857142857,8384.0
10.26(화),대전,LG,4,0,한화,2021,승,패,68,73,0.4822695035460992,8384.0
10.27(수),대전,LG,9,1,한화,2021,승,패,68,74,0.4788732394366197,8384.0
10.28(목),대전,LG,1,1,한화,2021,무,무,68,75,0.4755244755244755,8384.0
10.30(토),대전,두산,5,3,한화,2021,승,패,68,76,0.4722222222222222,8384.0
04.02(토),잠실,한화,4,6,두산,2022,패,승,1,0,1.0,0.0
04.03(일),잠실,한화,0,1,두산,2022,패,승,2,0,1.0,0.0
04.05(화),광주,한화,3,4,KIA,2022,패,승,3,0,1.0,261.0
04.06(수),광주,한화,4,7,KIA,2022,패,승,4,0,1.0,261.0
04.07(목),광주,한화,2,6,KIA,2022,패,승,5,0,1.0,261.0
04.08(금),대전,KT,4,2,한화,2022,승,패,5,1,0.8333333333333334,448.0
04.09(토),대전,KT,1,7,한화,2022,패,승,6,1,0.8571428571428571,448.0
04.10(일),대전,KT,4,6,한화,2022,패,승,7,1,0.875,448.0
04.12(화),대구,한화,0,2,삼성,2022,패,승,8,1,0.8888888888888888,611.0
04.13(수),대구,한화,1,12,삼성,2022,패,승,9,1,0.9,611.0
04.14(목),대구,한화,3,8,삼성,2022,패,승,10,1,0.9090909090909092,611.0
04.15(금),대전,LG,3,7,한화,2022,패,승,11,1,0.9166666666666666,774.0
04.16(토),대전,LG,6,2,한화,2022,승,패,11,2,0.8461538461538461,774.0
04.17(일),대전,LG,8,7,한화,2022,승,패,11,3,0.7857142857142857,774.0
04.19(화),사직,한화,6,2,롯데,2022,승,패,11,4,0.7333333333333333,1034.0
04.20(수),사직,한화,0,7,롯데,2022,패,승,12,4,0.75,1034.0
04.21(목),사직,한화,7,6,롯데,2022,승,패,12,5,0.7058823529411765,1034.0
04.22(금),대전,SSG,0,2,한화,2022,패,승,13,5,0.7222222222222222,1294.0
04.23(토),대전,SSG,2,9,한화,2022,패,승,14,5,0.7368421052631579,1294.0
04.24(일),대전,SSG,3,1,한화,2022,승,패,14,6,0.7,1294.0
04.26(화),대전,키움,2,5,한화,2022,패,승,15,6,0.7142857142857143,1294.0
04.27(수),대전,키움,7,0,한화,2022,승,패,15,7,0.6818181818181818,1294.0
04.28(목),대전,키움,3,1,한화,2022,승,패,15,8,0.6521739130434783,1294.0
04.29(금),창원,한화,4,9,NC,2022,패,승,16,8,0.6666666666666666,1518.0
04.30(토),창원,한화,2,0,NC,2022,승,패,16,9,0.64,1518.0
05.01(일),창원,한화,2,1,NC,2022,승,패,16,10,0.6153846153846154,1518.0
05.03(화),문학,한화,2,4,SSG,2022,패,승,17,10,0.6296296296296297,1904.0
05.04(수),문학,한화,8,5,SSG,2022,승,패,17,11,0.6071428571428571,1904.0
05.05(목),문학,한화,4,14,SSG,2022,패,승,18,11,0.6206896551724138,1904.0
05.06(금),대전,KIA,13,2,한화,2022,승,패,18,12,0.6,2060.0
05.07(토),대전,KIA,5,4,한화,2022,승,패,18,13,0.5806451612903226,2060.0
05.08(일),대전,KIA,7,6,한화,2022,승,패,18,14,0.5625,2060.0
05.10(화),잠실,한화,1,9,LG,2022,패,승,19,14,0.5757575757575758,2232.0
05.11(수),잠실,한화,2,5,LG,2022,패,승,20,14,0.5882352941176471,2232.0
05.12(목),잠실,한화,7,11,LG,2022,패,승,21,14,0.6,2232.0
05.13(금),대전,롯데,8,1,한화,2022,승,패,21,15,0.5833333333333334,2404.0
05.14(토),대전,롯데,8,5,한화,2022,승,패,21,16,0.5675675675675675,2404.0
05.15(일),대전,롯데,4,8,한화,2022,패,승,22,16,0.5789473684210527,2404.0
05.17(화),대전,삼성,3,4,한화,2022,패,승,23,16,0.5897435897435898,2404.0
05.18(수),대전,삼성,5,3,한화,2022,승,패,23,17,0.575,2404.0
05.19(목),대전,삼성,2,1,한화,2022,승,패,23,18,0.5609756097560976,2404.0
05.20(금),고척,한화,3,4,키움,2022,패,승,24,18,0.5714285714285714,2592.0
05.21(토),고척,한화,2,11,키움,2022,패,승,25,18,0.5813953488372093,2592.0
05.22(일),고척,한화,6,5,키움,2022,승,패,25,19,0.5681818181818182,2592.0
05.24(화),대전,두산,3,6,한화,2022,패,승,26,19,0.5777777777777777,2780.0
05.25(수),대전,두산,1,14,한화,2022,패,승,27,19,0.5869565217391305,2780.0
05.26(목),대전,두산,24,3,한화,2022,승,패,27,20,0.574468085106383,2780.0
05.27(금),수원,한화,4,0,KT,2022,승,패,27,21,0.5625,2929.0
05.28(토),수원,한화,9,8,KT,2022,승,패,27,22,0.5510204081632653,2929.0
05.29(일),수원,한화,12,4,KT,2022,승,패,27,23,0.54,2929.0
05.31(화),대전,NC,10,5,한화,2022,승,패,27,24,0.5294117647058824,3078.0
06.01(수),대전,NC,0,3,한화,2022,패,승,28,24,0.5384615384615384,3078.0
06.02(목),대전,NC,4,3,한화,2022,승,패,28,25,0.5283018867924528,3078.0
06.03(금),대전,키움,2,14,한화,2022,패,승,29,25,0.5370370370370371,3078.0
06.04(토),대전,키움,4,3,한화,2022,승,패,29,26,0.5272727272727272,3078.0
06.07(화),잠실,한화,1,3,두산,2022,패,승,30,26,0.5357142857142857,3250.0
06.08(수),잠실,한화,5,1,두산,2022,승,패,30,27,0.5263157894736842,3250.0
06.09(목),잠실,한화,7,16,두산,2022,패,승,31,27,0.5344827586206896,3250.0
06.10(금),문학,한화,2,9,SSG,2022,패,승,32,27,0.5423728813559322,3304.0
06.11(토),문학,한화,2,4,SSG,2022,패,승,33,27,0.55,3304.0
06.12(일),문학,한화,11,13,SSG,2022,패,승,34,27,0.5573770491803278,3304.0
06.15(수),대전,롯데,11,5,한화,2022,승,패,34,28,0.5483870967741935,3460.0
06.16(목),대전,롯데,3,0,한화,2022,승,패,34,29,0.5396825396825397,3460.0
06.17(금),창원,한화,1,1,NC,2022,무,무,34,30,0.53125,3684.0
06.18(토),창원,한화,2,3,NC,2022,패,승,35,30,0.5384615384615384,3684.0
06.19(일),창원,한화,3,6,NC,2022,패,승,36,30,0.5454545454545454,3684.0
06.21(화),잠실,한화,4,10,LG,2022,패,승,37,30,0.5522388059701493,4047.0
06.22(수),잠실,한화,5,6,LG,2022,패,승,38,30,0.5588235294117647,4047.0
06.24(금),대전,삼성,0,3,한화,2022,패,승,39,30,0.5652173913043478,4219.0
06.25(토),대전,삼성,5,2,한화,2022,승,패,39,31,0.5571428571428572,4219.0
06.26(일),대전,삼성,6,2,한화,2022,승,패,39,32,0.5492957746478874,4219.0
06.28(화),대전,SSG,3,6,한화,2022,패,승,40,32,0.5555555555555556,4219.0
06.29(수),대전,SSG,8,3,한화,2022,승,패,40,33,0.547945205479452,4219.0
07.01(금),고척,한화,5,7,키움,2022,패,승,41,33,0.5540540540540541,4407.0
07.02(토),고척,한화,0,3,키움,2022,패,승,42,33,0.56,4407.0
07.03(일),고척,한화,1,2,키움,2022,패,승,43,33,0.5657894736842105,4407.0
07.05(화),대전,NC,1,0,한화,2022,승,패,43,34,0.5584415584415584,4595.0
07.06(수),대전,NC,4,3,한화,2022,승,패,43,35,0.5512820512820513,4595.0
07.07(목),대전,NC,11,12,한화,2022,패,승,44,35,0.5569620253164557,4595.0
07.08(금),광주,한화,3,5,KIA,2022,패,승,45,35,0.5625,4782.0
07.09(토),광주,한화,5,6,KIA,2022,패,승,46,35,0.5679012345679012,4782.0
07.10(일),광주,한화,3,6,KIA,2022,패,승,47,35,0.573170731707317,4782.0
07.12(화),사직,한화,2,3,롯데,2022,패,승,48,35,0.5783132530120482,5044.0
07.13(수),사직,한화,0,2,롯데,2022,패,승,49,35,0.5833333333333334,5044.0
07.14(목),사직,한화,7,10,롯데,2022,패,승,50,35,0.5882352941176471,5044.0
07.22(금),대전,KT,0,8,한화,2022,패,승,51,35,0.5930232558139535,5304.0
07.23(토),대전,KT,5,3,한화,2022,승,패,51,36,0.5862068965517241,5304.0
07.24(일),대전,KT,3,1,한화,2022,승,패,51,37,0.5795454545454546,5304.0
07.26(화),대구,한화,4,2,삼성,2022,승,패,51,38,0.5730337078651685,5467.0
07.27(수),대구,한화,10,11,삼성,2022,패,승,52,38,0.5777777777777777,5467.0
07.28(목),대구,한화,3,3,삼성,2022,무,무,52,39,0.5714285714285714,5467.0
07.29(금),대전,두산,7,3,한화,2022,승,패,52,40,0.5652173913043478,5630.0
07.30(토),대전,두산,1,11,한화,2022,패,승,53,40,0.5698924731182796,5630.0
08.02(화),대전,KIA,4,5,한화,2022,패,승,54,40,0.574468085106383,5630.0
08.03(수),대전,KIA,6,3,한화,2022,승,패,54,41,0.5684210526315789,5630.0
08.04(목),대전,KIA,1,4,한화,2022,패,승,55,41,0.5729166666666666,5630.0
08.05(금),수원,한화,1,5,KT,2022,패,승,56,41,0.5773195876288659,5779.0
08.06(토),수원,한화,2,4,KT,2022,패,승,57,41,0.5816326530612245,5779.0
08.07(일),수원,한화,6,5,KT,2022,승,패,57,42,0.5757575757575758,5779.0
08.12(금),대전,LG,6,5,한화,2022,승,패,57,43,0.57,5928.0
08.13(토),대전,키움,8,6,한화,2022,승,패,57,44,0.5643564356435643,5928.0
08.14(일),대전,키움,12,8,한화,2022,승,패,57,45,0.5588235294117647,5928.0
08.17(수),창원,한화,4,6,NC,2022,패,승,58,45,0.5631067961165048,6152.0
08.18(목),대전,삼성,7,4,한화,2022,승,패,58,46,0.5576923076923077,6376.0
08.19(금),대전,삼성,9,5,한화,2022,승,패,58,47,0.5523809523809524,6376.0
08.20(토),사직,한화,5,3,롯데,2022,승,패,58,48,0.5471698113207547,6636.0
08.21(일),사직,한화,1,8,롯데,2022,패,승,59,48,0.5514018691588785,6636.0
08.23(화),대전,LG,4,6,한화,2022,패,승,60,48,0.5555555555555556,6896.0
08.24(수),대전,LG,9,2,한화,2022,승,패,60,49,0.5504587155963303,6896.0
08.25(목),대전,두산,0,4,한화,2022,패,승,61,49,0.5545454545454546,6896.0
08.26(금),대전,두산,1,2,한화,2022,패,승,62,49,0.5585585585585585,6896.0
08.27(토),대구,한화,4,7,삼성,2022,패,승,63,49,0.5625,7059.0
08.28(일),대구,한화,4,5,삼성,2022,패,승,64,49,0.5663716814159292,7059.0
08.31(수),대전,KIA,4,3,한화,2022,승,패,64,50,0.5614035087719298,7222.0
09.01(목),고척,한화,1,7,키움,2022,패,승,65,50,0.5652173913043478,7410.0
09.02(금),고척,한화,0,4,키움,2022,패,승,66,50,0.5689655172413793,7410.0
09.03(토),대전,NC,3,7,한화,2022,패,승,67,50,0.5726495726495726,7598.0
09.04(일),대전,NC,1,10,한화,2022,패,승,68,50,0.576271186440678,7598.0
09.06(화),수원,한화,5,8,KT,2022,패,승,69,50,0.5798319327731093,7747.0
09.07(수),수원,한화,2,4,KT,2022,패,승,70,50,0.5833333333333334,7747.0
09.08(목),잠실,한화,5,4,두산,2022,승,패,70,51,0.5785123966942148,7783.0
09.09(금),잠실,한화,0,11,두산,2022,패,승,71,51,0.5819672131147541,7783.0
09.10(토),대전,SSG,0,5,한화,2022,패,승,72,51,0.5853658536585366,7955.0
09.11(일),대전,SSG,12,1,한화,2022,승,패,72,52,0.5806451612903226,7955.0
09.13(화),대전,KT,5,2,한화,2022,승,패,72,53,0.576,7955.0
09.14(수),대전,KT,1,4,한화,2022,패,승,73,53,0.5793650793650794,7955.0
09.15(목),광주,한화,2,1,KIA,2022,승,패,73,54,0.5748031496062992,8142.0
09.16(금),광주,한화,7,6,KIA,2022,승,패,73,55,0.5703125,8142.0
09.17(토),잠실,한화,1,4,LG,2022,패,승,74,55,0.5736434108527132,8403.0
09.18(일),잠실,한화,5,1,LG,2022,승,패,74,56,0.5692307692307692,8403.0
09.20(화),대전,롯데,8,6,한화,2022,승,패,74,57,0.5648854961832062,8575.0
09.21(수),대전,롯데,9,0,한화,2022,승,패,74,58,0.5606060606060606,8575.0
09.22(목),문학,한화,1,10,SSG,2022,패,승,75,58,0.5639097744360902,8731.0
09.23(금),문학,한화,4,5,SSG,2022,패,승,76,58,0.5671641791044776,8731.0
09.24(토),잠실,한화,2,0,LG,2022,승,패,76,59,0.562962962962963,8785.0
09.25(일),잠실,한화,3,5,두산,2022,패,승,77,59,0.5661764705882353,8785.0
09.27(화),대전,LG,1,0,한화,2022,승,패,77,60,0.5620437956204379,8957.0
09.28(수),대전,LG,4,1,한화,2022,승,패,77,61,0.5579710144927537,8957.0
09.29(목),대전,두산,6,5,한화,2022,승,패,77,62,0.5539568345323741,8957.0
09.30(금),대전,롯데,6,5,한화,2022,승,패,77,63,0.55,8957.0
10.02(일),대전,KIA,10,1,한화,2022,승,패,77,64,0.5460992907801419,8957.0
10.03(월),대전,SSG,4,7,한화,2022,패,승,78,64,0.5492957746478874,8957.0
10.06(목),대전,키움,2,3,한화,2022,패,승,79,64,0.5524475524475524,8957.0
10.08(토),창원,한화,5,6,NC,2022,패,승,80,64,0.5555555555555556,9181.0
04.01(토),고척,한화,2,3,키움,2023,패,승,1,0,1.0,0.0
04.02(일),고척,한화,6,7,키움,2023,패,승,2,0,1.0,0.0
04.04(화),대구,한화,6,7,삼성,2023,패,승,3,0,1.0,316.0
04.06(목),대구,한화,8,1,삼성,2023,승,패,3,1,0.75,316.0
04.07(금),대전,SSG,7,3,한화,2023,승,패,3,2,0.6,479.0
04.08(토),대전,SSG,7,5,한화,2023,승,패,3,3,0.5,479.0
04.09(일),대전,SSG,3,0,한화,2023,승,패,3,4,0.4285714285714285,479.0
04.11(화),광주,한화,5,4,KIA,2023,승,패,3,5,0.375,666.0
04.12(수),광주,한화,0,2,KIA,2023,패,승,4,5,0.4444444444444444,666.0
04.13(목),광주,한화,5,1,KIA,2023,승,패,4,6,0.4,666.0
04.14(금),수원,한화,7,7,KT,2023,무,무,4,7,0.3636363636363636,906.0
04.15(토),수원,한화,7,2,KT,2023,승,패,4,8,0.3333333333333333,906.0
04.16(일),수원,한화,2,14,KT,2023,패,승,5,8,0.3846153846153846,906.0
04.18(화),대전,두산,2,0,한화,2023,승,패,5,9,0.3571428571428571,1055.0
04.19(수),대전,두산,6,7,한화,2023,패,승,6,9,0.4,1055.0
04.20(목),대전,두산,5,1,한화,2023,승,패,6,10,0.375,1055.0
04.21(금),대전,LG,4,2,한화,2023,승,패,6,11,0.3529411764705882,1055.0
04.22(토),대전,LG,3,0,한화,2023,승,패,6,12,0.3333333333333333,1055.0
04.23(일),대전,LG,6,7,한화,2023,패,승,7,12,0.3684210526315789,1055.0
04.26(수),사직,한화,1,8,롯데,2023,패,승,8,12,0.4,1315.0
04.27(목),사직,한화,0,3,롯데,2023,패,승,9,12,0.4285714285714285,1315.0
04.28(금),대전,NC,6,4,한화,2023,승,패,9,13,0.4090909090909091,1575.0
04.29(토),대전,NC,3,2,한화,2023,승,패,9,14,0.391304347826087,1575.0
04.30(일),대전,NC,4,1,한화,2023,승,패,9,15,0.375,1575.0
05.02(화),잠실,한화,0,3,두산,2023,패,승,10,15,0.4,1747.0
05.03(수),잠실,한화,8,3,두산,2023,승,패,10,16,0.3846153846153846,1747.0
05.04(목),잠실,한화,10,3,두산,2023,승,패,10,17,0.3703703703703703,1747.0
05.07(일),대전,KT,2,6,한화,2023,패,승,11,17,0.3928571428571428,1919.0
05.09(화),대전,삼성,9,1,한화,2023,승,패,11,18,0.3793103448275862,1919.0
05.10(수),대전,삼성,1,5,한화,2023,패,승,12,18,0.4,1919.0
05.11(목),대전,삼성,0,4,한화,2023,패,승,13,18,0.4193548387096774,1919.0
05.12(금),문학,한화,5,2,SSG,2023,승,패,13,19,0.40625,2075.0
05.13(토),문학,한화,5,8,SSG,2023,패,승,14,19,0.4242424242424242,2075.0
05.14(일),문학,한화,3,3,SSG,2023,무,무,14,20,0.4117647058823529,2075.0
05.16(화),대전,롯데,3,1,한화,2023,승,패,14,21,0.4,2231.0
05.17(수),대전,롯데,1,2,한화,2023,패,승,15,21,0.4166666666666667,2231.0
05.18(목),대전,롯데,7,3,한화,2023,승,패,15,22,0.4054054054054054,2231.0
05.19(금),잠실,한화,1,3,LG,2023,패,승,16,22,0.4210526315789473,2403.0
05.20(토),잠실,한화,1,1,LG,2023,무,무,16,23,0.4102564102564102,2403.0
05.21(일),잠실,한화,1,4,LG,2023,패,승,17,23,0.425,2403.0
05.23(화),대전,KIA,5,9,한화,2023,패,승,18,23,0.4390243902439024,2575.0
05.24(수),대전,KIA,4,2,한화,2023,승,패,18,24,0.4285714285714285,2575.0
05.25(목),대전,KIA,3,4,한화,2023,패,승,19,24,0.4418604651162791,2575.0
05.26(금),창원,한화,0,11,NC,2023,패,승,20,24,0.4545454545454545,2799.0
05.27(토),창원,한화,5,0,NC,2023,승,패,20,25,0.4444444444444444,2799.0
05.30(화),대전,키움,1,7,한화,2023,패,승,21,25,0.4565217391304347,3023.0
05.31(수),대전,키움,15,3,한화,2023,승,패,21,26,0.4468085106382978,3023.0
06.01(목),대전,키움,3,7,한화,2023,패,승,22,26,0.4583333333333333,3023.0
06.02(금),대전,삼성,8,7,한화,2023,승,패,22,27,0.4489795918367347,3023.0
06.03(토),대전,삼성,7,2,한화,2023,승,패,22,28,0.44,3023.0
06.04(일),대전,삼성,5,10,한화,2023,패,승,23,28,0.4509803921568627,3023.0
06.06(화),잠실,한화,1,4,두산,2023,패,승,24,28,0.4615384615384615,3195.0
06.07(수),잠실,한화,3,6,두산,2023,패,승,25,28,0.4716981132075472,3195.0
06.08(목),잠실,한화,1,2,두산,2023,패,승,26,28,0.4814814814814814,3195.0
06.09(금),대전,LG,5,6,한화,2023,패,승,27,28,0.4909090909090909,3367.0
06.10(토),대전,LG,0,7,한화,2023,패,승,28,28,0.5,3367.0
06.11(일),대전,LG,13,7,한화,2023,승,패,28,29,0.4912280701754385,3367.0
06.13(화),사직,한화,5,7,롯데,2023,패,승,29,29,0.5,3627.0
06.14(수),사직,한화,8,4,롯데,2023,승,패,29,30,0.4915254237288136,3627.0
06.15(목),사직,한화,5,4,롯데,2023,승,패,29,31,0.4833333333333333,3627.0
06.16(금),대전,키움,2,2,한화,2023,무,무,29,32,0.4754098360655737,3887.0
06.17(토),대전,키움,9,6,한화,2023,승,패,29,33,0.4677419354838709,3887.0
06.18(일),대전,키움,6,5,한화,2023,승,패,29,34,0.4603174603174603,3887.0
06.20(화),대전,KIA,6,4,한화,2023,승,패,29,35,0.453125,3887.0
06.21(수),대전,KIA,4,7,한화,2023,패,승,30,35,0.4615384615384615,3887.0
06.22(목),대전,KIA,0,1,한화,2023,패,승,31,35,0.4696969696969697,3887.0
06.23(금),창원,한화,6,2,NC,2023,승,패,31,36,0.4626865671641791,4111.0
06.24(토),창원,한화,7,1,NC,2023,승,패,31,37,0.4558823529411764,4111.0
06.27(화),대전,KT,1,4,한화,2023,패,승,32,37,0.463768115942029,4335.0
06.28(수),대전,KT,4,6,한화,2023,패,승,33,37,0.4714285714285714,4335.0
06.30(금),대구,한화,6,1,삼성,2023,승,패,33,38,0.4647887323943662,4498.0
07.01(토),대구,한화,10,4,삼성,2023,승,패,33,39,0.4583333333333333,4498.0
07.02(일),대구,한화,1,2,삼성,2023,패,승,34,39,0.4657534246575342,4498.0
07.05(수),대전,롯데,3,5,한화,2023,패,승,35,39,0.4729729729729729,4661.0
07.06(목),대전,롯데,4,3,한화,2023,승,패,35,40,0.4666666666666667,4661.0
07.08(토),대전,SSG,9,7,한화,2023,승,패,35,41,0.4605263157894737,4661.0
07.09(일),대전,SSG,0,7,한화,2023,패,승,36,41,0.4675324675324675,4661.0
07.12(수),잠실,한화,2,1,LG,2023,승,패,36,42,0.4615384615384615,4833.0
07.21(금),대전,NC,9,3,한화,2023,승,패,36,43,0.4556962025316455,5005.0
07.22(토),대전,NC,7,5,한화,2023,승,패,36,44,0.45,5005.0
07.25(화),고척,한화,16,6,키움,2023,승,패,36,45,0.4444444444444444,5193.0
07.26(수),고척,한화,5,4,키움,2023,승,패,36,46,0.4390243902439024,5193.0
07.27(목),고척,한화,0,2,키움,2023,패,승,37,46,0.4457831325301205,5193.0
07.28(금),문학,한화,4,3,SSG,2023,승,패,37,47,0.4404761904761904,5217.0
07.29(토),문학,한화,3,6,SSG,2023,패,승,38,47,0.4470588235294118,5217.0
07.30(일),문학,한화,1,6,SSG,2023,패,승,39,47,0.4534883720930232,5217.0
08.01(화),대전,두산,8,3,한화,2023,승,패,39,48,0.4482758620689655,5373.0
08.02(수),대전,두산,4,1,한화,2023,승,패,39,49,0.4431818181818182,5373.0
08.03(목),대전,두산,2,5,한화,2023,패,승,40,49,0.449438202247191,5373.0
08.04(금),광주,한화,3,9,KIA,2023,패,승,41,49,0.4555555555555555,5560.0
08.05(토),광주,한화,3,9,KIA,2023,패,승,42,49,0.4615384615384615,5560.0
08.06(일),광주,한화,4,4,KIA,2023,무,무,42,50,0.4565217391304347,5560.0
08.08(화),수원,한화,2,7,KT,2023,패,승,43,50,0.4623655913978494,5800.0
08.09(수),수원,한화,6,12,KT,2023,패,승,44,50,0.4680851063829787,5800.0
08.11(금),대전,두산,11,4,한화,2023,승,패,44,51,0.4631578947368421,5949.0
08.12(토),대전,두산,1,6,한화,2023,패,승,45,51,0.46875,5949.0
08.13(일),대전,두산,3,8,한화,2023,패,승,46,51,0.4742268041237113,5949.0
08.15(화),창원,한화,3,3,NC,2023,무,무,46,52,0.4693877551020408,6173.0
08.16(수),창원,한화,4,3,NC,2023,승,패,46,53,0.4646464646464646,6173.0
08.17(목),창원,한화,9,10,NC,2023,패,승,47,53,0.47,6173.0
08.18(금),대전,KT,6,11,한화,2023,패,승,48,53,0.4752475247524752,6397.0
08.19(토),대전,KT,5,4,한화,2023,승,패,48,54,0.4705882352941176,6397.0
08.20(일),대전,KT,3,0,한화,2023,승,패,48,55,0.4660194174757281,6397.0
08.22(화),대전,삼성,5,3,한화,2023,승,패,48,56,0.4615384615384615,6397.0
08.25(금),광주,한화,1,4,KIA,2023,패,승,49,56,0.4666666666666667,6584.0
08.26(토),광주,한화,4,12,KIA,2023,패,승,50,56,0.4716981132075472,6584.0
08.27(일),광주,한화,2,5,KIA,2023,패,승,51,56,0.4766355140186916,6584.0
08.31(목),대전,롯데,5,2,한화,2023,승,패,51,57,0.4722222222222222,6771.0
09.01(금),잠실,한화,0,10,LG,2023,패,승,52,57,0.4770642201834862,6943.0
09.02(토),잠실,한화,5,3,LG,2023,승,패,52,58,0.4727272727272727,6943.0
09.03(일),잠실,한화,5,3,LG,2023,승,패,52,59,0.4684684684684684,6943.0
09.05(화),대전,SSG,11,6,한화,2023,승,패,52,60,0.4642857142857143,7115.0
09.06(수),대전,SSG,5,6,한화,2023,패,승,53,60,0.4690265486725664,7115.0
09.07(목),대전,SSG,3,4,한화,2023,패,승,54,60,0.4736842105263157,7115.0
09.08(금),고척,한화,6,5,키움,2023,승,패,54,61,0.4695652173913043,7303.0
09.09(토),고척,한화,11,2,키움,2023,승,패,54,62,0.4655172413793103,7303.0
09.09(토),고척,한화,3,1,키움,2023,승,패,54,63,0.4615384615384615,7303.0
09.10(일),고척,한화,9,8,키움,2023,승,패,54,64,0.4576271186440678,7303.0
09.12(화),잠실,한화,3,8,두산,2023,패,승,55,64,0.4621848739495798,7334.0
09.15(금),대전,LG,4,3,한화,2023,승,패,55,65,0.4583333333333333,7506.0
09.17(일),대전,KT,7,0,한화,2023,승,패,55,66,0.4545454545454545,7506.0
09.17(일),대전,KT,3,1,한화,2023,승,패,55,67,0.4508196721311475,7506.0
09.18(월),대전,KT,2,6,한화,2023,패,승,56,67,0.4552845528455284,7506.0
09.19(화),대전,SSG,5,3,한화,2023,승,패,56,68,0.4516129032258064,7506.0
09.21(목),대전,KIA,8,14,한화,2023,패,승,57,68,0.456,7506.0
09.22(금),대전,키움,11,6,한화,2023,승,패,57,69,0.4523809523809524,7506.0
09.23(토),잠실,한화,1,3,LG,2023,패,승,58,69,0.4566929133858268,7678.0
09.24(일),잠실,한화,1,5,LG,2023,패,승,59,69,0.4609375,7678.0
09.27(수),대전,삼성,11,3,한화,2023,승,패,59,70,0.4573643410852713,7850.0
09.27(수),대전,삼성,0,4,한화,2023,패,승,60,70,0.4615384615384615,7850.0
09.28(목),사직,한화,0,3,롯데,2023,패,승,61,70,0.465648854961832,8110.0
09.29(금),사직,한화,1,9,롯데,2023,패,승,62,70,0.4696969696969697,8110.0
10.01(일),대전,NC,3,4,한화,2023,패,승,63,70,0.4736842105263157,8370.0
10.02(월),대전,NC,0,10,한화,2023,패,승,64,70,0.4776119402985074,8370.0
10.04(수),대구,한화,11,7,삼성,2023,승,패,64,71,0.4740740740740741,8533.0
10.05(목),대구,한화,1,3,삼성,2023,패,승,65,71,0.4779411764705882,8533.0
10.06(금),문학,한화,2,7,SSG,2023,패,승,66,71,0.4817518248175182,8853.0
10.07(토),수원,한화,0,17,KT,2023,패,승,67,71,0.4855072463768116,8896.0
10.08(일),수원,한화,2,9,KT,2023,패,승,68,71,0.4892086330935252,8896.0
10.09(월),창원,한화,6,11,NC,2023,패,승,69,71,0.4928571428571429,9241.0
10.10(화),창원,한화,0,2,NC,2023,패,승,70,71,0.4964539007092198,9241.0
10.14(토),대전,롯데,0,8,한화,2023,패,승,71,71,0.5,9465.0
10.15(일),대전,롯데,4,7,한화,2023,패,승,72,71,0.5034965034965035,9465.0
10.16(월),대전,롯데,7,2,한화,2023,승,패,72,72,0.5,9465.0
03.23(토),잠실,한화,2,8,LG,2024,패,승,1,0,1.0,0.0
03.24(일),잠실,한화,8,4,LG,2024,승,패,1,1,0.5,0.0
03.26(화),문학,한화,6,0,SSG,2024,승,패,1,2,0.3333333333333333,54.0
03.27(수),문학,한화,3,1,SSG,2024,승,패,1,3,0.25,54.0
03.28(목),문학,한화,10,6,SSG,2024,승,패,1,4,0.2,54.0
03.29(금),대전,KT,2,3,한화,2024,패,승,2,4,0.3333333333333333,210.0
03.30(토),대전,KT,5,8,한화,2024,패,승,3,4,0.4285714285714285,210.0
03.31(일),대전,KT,3,14,한화,2024,패,승,4,4,0.5,210.0
04.02(화),대전,롯데,1,0,한화,2024,승,패,4,5,0.4444444444444444,210.0
04.04(목),대전,롯데,5,6,한화,2024,패,승,5,5,0.5,210.0
04.05(금),고척,한화,7,11,키움,2024,패,승,6,5,0.5454545454545454,398.0
04.06(토),고척,한화,6,7,키움,2024,패,승,7,5,0.5833333333333334,398.0
04.07(일),고척,한화,3,4,키움,2024,패,승,8,5,0.6153846153846154,398.0
04.09(화),잠실,한화,3,5,두산,2024,패,승,9,5,0.6428571428571429,429.0
04.10(수),잠실,한화,4,7,두산,2024,패,승,10,5,0.6666666666666666,429.0
04.11(목),잠실,한화,3,0,두산,2024,승,패,10,6,0.625,429.0
04.12(금),대전,KIA,8,4,한화,2024,승,패,10,7,0.5882352941176471,601.0
04.13(토),대전,KIA,11,9,한화,2024,승,패,10,8,0.5555555555555556,601.0
04.14(일),대전,KIA,5,2,한화,2024,승,패,10,9,0.5263157894736842,601.0
04.16(화),창원,한화,7,4,NC,2024,승,패,10,10,0.5,825.0
04.17(수),창원,한화,3,4,NC,2024,패,승,11,10,0.5238095238095238,825.0
04.19(금),대전,삼성,1,6,한화,2024,패,승,12,10,0.5454545454545454,1049.0
04.20(토),대전,삼성,1,0,한화,2024,승,패,12,11,0.5217391304347826,1049.0
04.21(일),대전,삼성,5,3,한화,2024,승,패,12,12,0.5,1049.0
04.23(화),수원,한화,6,9,KT,2024,패,승,13,12,0.52,1198.0
04.24(수),수원,한화,1,7,KT,2024,패,승,14,12,0.5384615384615384,1198.0
04.25(목),수원,한화,0,9,KT,2024,패,승,15,12,0.5555555555555556,1198.0
04.26(금),대전,두산,10,5,한화,2024,승,패,15,13,0.5357142857142857,1347.0
04.27(토),대전,두산,5,10,한화,2024,패,승,16,13,0.5517241379310345,1347.0
04.28(일),대전,두산,17,8,한화,2024,승,패,16,14,0.5333333333333333,1347.0
04.30(화),대전,SSG,2,8,한화,2024,패,승,17,14,0.5483870967741935,1347.0
05.01(수),대전,SSG,8,7,한화,2024,승,패,17,15,0.53125,1347.0
05.02(목),대전,SSG,4,3,한화,2024,승,패,17,16,0.5151515151515151,1347.0
05.03(금),광주,한화,4,2,KIA,2024,승,패,17,17,0.5,1534.0
05.04(토),광주,한화,2,10,KIA,2024,패,승,18,17,0.5142857142857142,1534.0
05.08(수),사직,한화,1,6,롯데,2024,패,승,19,17,0.5277777777777778,1796.0
05.09(목),사직,한화,5,18,롯데,2024,패,승,20,17,0.5405405405405406,1796.0
05.10(금),대전,키움,4,5,한화,2024,패,승,21,17,0.5526315789473685,2056.0
05.11(토),대전,키움,7,1,한화,2024,승,패,21,18,0.5384615384615384,2056.0
05.12(일),대전,키움,3,8,한화,2024,패,승,22,18,0.55,2056.0
05.14(화),대전,NC,5,5,한화,2024,무,무,22,19,0.5365853658536586,2056.0
05.15(수),대전,NC,16,1,한화,2024,승,패,22,20,0.5238095238095238,2056.0
05.16(목),대전,NC,4,3,한화,2024,승,패,22,21,0.5116279069767442,2056.0
05.17(금),대구,한화,5,7,삼성,2024,패,승,23,21,0.5227272727272727,2219.0
05.18(토),대구,한화,8,9,삼성,2024,패,승,24,21,0.5333333333333333,2219.0
05.19(일),대구,한화,12,2,삼성,2024,승,패,24,22,0.5217391304347826,2219.0
05.21(화),대전,LG,4,8,한화,2024,패,승,25,22,0.5319148936170213,2382.0
05.22(수),대전,LG,5,7,한화,2024,패,승,26,22,0.5416666666666666,2382.0
05.23(목),대전,LG,8,4,한화,2024,승,패,26,23,0.5306122448979592,2382.0
05.24(금),문학,한화,7,5,SSG,2024,승,패,26,24,0.52,2538.0
05.25(토),문학,한화,4,2,SSG,2024,승,패,26,25,0.5098039215686274,2538.0
05.28(화),대전,롯데,3,12,한화,2024,패,승,27,25,0.5192307692307693,2694.0
05.29(수),대전,롯데,0,3,한화,2024,패,승,28,25,0.5283018867924528,2694.0
05.30(목),대전,롯데,0,15,한화,2024,패,승,29,25,0.5370370370370371,2694.0
05.31(금),대구,한화,6,8,삼성,2024,패,승,30,25,0.5454545454545454,2857.0
06.01(토),대구,한화,4,6,삼성,2024,패,승,31,25,0.5535714285714286,2857.0
06.02(일),대구,한화,0,1,삼성,2024,패,승,32,25,0.5614035087719298,2857.0
06.04(화),수원,한화,8,2,KT,2024,승,패,32,26,0.5517241379310345,3092.0
06.05(수),수원,한화,12,2,KT,2024,승,패,32,27,0.5423728813559322,3092.0
06.06(목),수원,한화,6,0,KT,2024,승,패,32,28,0.5333333333333333,3092.0
06.07(금),대전,NC,6,2,한화,2024,승,패,32,29,0.5245901639344263,3241.0
06.08(토),대전,NC,4,2,한화,2024,승,패,32,30,0.5161290322580645,3241.0
06.09(일),대전,NC,3,3,한화,2024,무,무,32,31,0.5079365079365079,3241.0
06.11(화),잠실,한화,6,1,두산,2024,승,패,32,32,0.5,3413.0
06.12(수),잠실,한화,4,3,두산,2024,승,패,32,33,0.4923076923076923,3413.0
06.13(목),잠실,한화,6,9,두산,2024,패,승,33,33,0.5,3413.0
06.14(금),대전,SSG,11,4,한화,2024,승,패,33,34,0.4925373134328358,3585.0
06.15(토),대전,SSG,9,1,한화,2024,승,패,33,35,0.4852941176470588,3585.0
06.16(일),대전,SSG,1,4,한화,2024,패,승,34,35,0.4927536231884058,3585.0
06.18(화),대전,키움,0,3,한화,2024,패,승,35,35,0.5,3585.0
06.19(수),대전,키움,11,14,한화,2024,패,승,36,35,0.5070422535211268,3585.0
06.20(목),대전,키움,7,0,한화,2024,승,패,36,36,0.5,3585.0
06.21(금),광주,한화,3,8,KIA,2024,패,승,37,36,0.5068493150684932,3772.0
06.23(일),광주,한화,9,8,KIA,2024,승,패,37,37,0.5,3772.0
06.23(일),광주,한화,1,4,KIA,2024,패,승,38,37,0.5066666666666667,3772.0
06.25(화),대전,두산,4,5,한화,2024,패,승,39,37,0.5131578947368421,3959.0
06.26(수),대전,두산,15,8,한화,2024,승,패,39,38,0.5064935064935064,3959.0
06.27(목),대전,두산,3,8,한화,2024,패,승,40,38,0.5128205128205128,3959.0
06.28(금),사직,한화,4,6,롯데,2024,패,승,41,38,0.5189873417721519,4219.0
07.02(화),대전,KT,6,5,한화,2024,승,패,41,39,0.5125,4479.0
07.03(수),대전,KT,3,2,한화,2024,승,패,41,40,0.5061728395061729,4479.0
07.04(목),대전,KT,5,13,한화,2024,패,승,42,40,0.5121951219512195,4479.0
07.09(화),고척,한화,3,5,키움,2024,패,승,43,40,0.5180722891566265,4667.0
07.10(수),고척,한화,7,0,키움,2024,승,패,43,41,0.5119047619047619,4667.0
07.11(목),고척,한화,4,5,키움,2024,패,승,44,41,0.5176470588235295,4667.0
07.12(금),대전,LG,0,6,한화,2024,패,승,45,41,0.5232558139534884,4855.0
07.13(토),대전,LG,7,3,한화,2024,승,패,45,42,0.5172413793103449,4855.0
07.14(일),대전,LG,8,4,한화,2024,승,패,45,43,0.5113636363636364,4855.0
07.17(수),창원,한화,1,5,NC,2024,패,승,46,43,0.5168539325842697,5079.0
07.18(목),창원,한화,3,4,NC,2024,패,승,47,43,0.5222222222222223,5079.0
07.19(금),대전,KIA,7,3,한화,2024,승,패,47,44,0.5164835164835165,5303.0
07.20(토),대전,KIA,8,4,한화,2024,승,패,47,45,0.5108695652173914,5303.0
07.21(일),대전,KIA,8,7,한화,2024,승,패,47,46,0.5053763440860215,5303.0
07.23(화),대전,삼성,5,6,한화,2024,패,승,48,46,0.5106382978723404,5303.0
07.24(수),대전,삼성,2,3,한화,2024,패,승,49,46,0.5157894736842106,5303.0
07.28(일),잠실,한화,9,6,LG,2024,승,패,49,47,0.5104166666666666,5475.0
07.30(화),수원,한화,6,4,KT,2024,승,패,49,48,0.5051546391752577,5511.0
07.31(수),수원,한화,18,7,KT,2024,승,패,49,49,0.5,5511.0
08.01(목),수원,한화,14,8,KT,2024,승,패,49,50,0.494949494949495,5511.0
08.02(금),대전,KIA,3,10,한화,2024,패,승,50,50,0.5,5660.0
08.03(토),대전,KIA,7,3,한화,2024,승,패,50,51,0.495049504950495,5660.0
08.06(화),대구,한화,8,5,삼성,2024,승,패,50,52,0.4901960784313725,5823.0
08.07(수),대구,한화,6,10,삼성,2024,패,승,51,52,0.4951456310679611,5823.0
08.08(목),대구,한화,6,4,삼성,2024,승,패,51,53,0.4903846153846153,5823.0
08.09(금),대전,키움,5,7,한화,2024,패,승,52,53,0.4952380952380952,5986.0
08.10(토),대전,키움,3,1,한화,2024,승,패,52,54,0.490566037735849,5986.0
08.11(일),대전,키움,7,3,한화,2024,승,패,52,55,0.4859813084112149,5986.0
08.13(화),대전,LG,3,2,한화,2024,승,패,52,56,0.4814814814814814,5986.0
08.14(수),대전,LG,5,9,한화,2024,패,승,53,56,0.4862385321100917,5986.0
08.15(목),대전,LG,17,3,한화,2024,승,패,53,57,0.4818181818181818,5986.0
08.16(금),문학,한화,2,1,SSG,2024,승,패,53,58,0.4774774774774775,6142.0
08.17(토),문학,한화,8,5,SSG,2024,승,패,53,59,0.4732142857142857,6142.0
08.18(일),문학,한화,7,1,SSG,2024,승,패,53,60,0.4690265486725664,6142.0
08.20(화),대전,NC,2,3,한화,2024,패,승,54,60,0.4736842105263157,6298.0
08.21(수),대전,NC,8,2,한화,2024,승,패,54,61,0.4695652173913043,6298.0
08.23(금),잠실,한화,7,4,두산,2024,승,패,54,62,0.4655172413793103,6470.0
08.24(토),잠실,한화,7,6,두산,2024,승,패,54,63,0.4615384615384615,6470.0
08.25(일),잠실,한화,3,1,두산,2024,승,패,54,64,0.4576271186440678,6470.0
08.27(화),사직,한화,1,3,롯데,2024,패,승,55,64,0.4621848739495798,6870.0
08.28(수),사직,한화,7,0,롯데,2024,승,패,55,65,0.4583333333333333,6870.0
08.29(목),사직,한화,11,14,롯데,2024,패,승,56,65,0.4628099173553719,6870.0
08.31(토),대전,KT,6,2,한화,2024,승,패,56,66,0.4590163934426229,7130.0
09.03(화),대전,두산,1,7,한화,2024,패,승,57,66,0.4634146341463415,7130.0
09.04(수),광주,한화,5,4,KIA,2024,승,패,57,67,0.4596774193548387,7317.0
09.05(목),광주,한화,3,4,KIA,2024,패,승,58,67,0.464,7317.0
09.06(금),잠실,한화,3,1,LG,2024,승,패,58,68,0.4603174603174603,7578.0
09.07(토),잠실,한화,3,9,LG,2024,패,승,59,68,0.4645669291338583,7578.0
09.08(일),잠실,한화,3,14,LG,2024,패,승,60,68,0.46875,7578.0
09.10(화),문학,한화,0,5,SSG,2024,패,승,61,68,0.4728682170542636,7632.0
09.11(수),대전,삼성,10,1,한화,2024,승,패,61,69,0.4692307692307692,7788.0
09.12(목),대전,삼성,7,1,한화,2024,승,패,61,70,0.465648854961832,7788.0
09.13(금),사직,한화,8,4,롯데,2024,승,패,61,71,0.4621212121212121,8048.0
09.14(토),사직,한화,9,12,롯데,2024,패,승,62,71,0.4661654135338345,8048.0
09.15(일),사직,한화,9,16,롯데,2024,패,승,63,71,0.4701492537313433,8048.0
09.17(화),창원,한화,4,1,NC,2024,승,패,63,72,0.4666666666666667,8107.0
09.18(수),창원,한화,2,5,NC,2024,패,승,64,72,0.4705882352941176,8107.0
09.19(목),창원,한화,7,6,NC,2024,승,패,64,73,0.4671532846715328,8107.0
09.22(일),대전,롯데,4,8,한화,2024,패,승,65,73,0.4710144927536231,8331.0
09.23(월),대전,롯데,3,2,한화,2024,승,패,65,74,0.4676258992805755,8331.0
09.24(화),고척,한화,4,5,키움,2024,패,승,66,74,0.4714285714285714,8519.0
09.25(수),잠실,한화,4,2,LG,2024,승,패,66,75,0.4680851063829787,8550.0
09.27(금),대전,KIA,0,8,한화,2024,패,승,67,75,0.4718309859154929,8722.0
09.28(토),대전,SSG,6,2,한화,2024,승,패,67,76,0.4685314685314685,8722.0
09.29(일),대전,NC,7,2,한화,2024,승,패,67,77,0.4652777777777778,8722.0
